[
  {
    "description": "Config to push to CarOS mainline API project",
    "name": "CarOS",
    "target_project": {
      "path": "sdv/domains/caros/mainlines/ampere/platform_system_software_defined_vehicle_ampere_api.git",
      "id": "126084"
    },
    "dest": [
      {
        "branch": "sweet500-caros-stable-sw4.1",
        "mr_labels": "sweet500-stable-sw4.1",
        "mkvsidl_targets": "ssot_tools_install_ci aacp comet vsidl_v1 someip vsidlc acl superapp",
        "releasecontent": "ampere_apexified Android.bp gen/aacp gen/acl gen/mappings generated_rs gen/comet/ServiceDiscoveryMapping.pbbin.gz gen/comet/ServiceDiscoveryMapping.json gen/comet/all_sdvsidl.json gen/comet/fds.json gen/superapp"
      }
    ]
  },
  {
    "description": "Config to push to CDC mainline API project",
    "name": "CDC",
    "target_project": {
      "path": "sdv/platforms/sweet500/cdc/mainlines/ampere/platform_system_software_defined_vehicle_ampere_api.git",
      "id": "126821"
    },
    "dest": [
      {
        "branch": "sweet500-cdc-release",
        "mr_labels": "sweet500-staging",
        "mkvsidl_targets": "ssot_tools_install_ci cluster",
        "releasecontent": "ampere_apexified Android.bp gen/acl gen/mappings generated_rs gen/confighub/database/blobs gen/confighub/database/fds gen/confighub/database/config.json"
      },
      {
        "branch": "sweet500-cdc-release-fvm",
        "mr_labels": "sweet500-staging",
        "mkvsidl_targets": "ssot_tools_install_ci ivi",
        "releasecontent": "api_ivi:."
      }
    ]
  },
  {
    "description": "Config to push to Quinault mainline API project",
    "name": "QUINAULT",
    "target_project": {
      "path": "partners/quinault/caros/qcom/api.git",
      "id": "129089"
    },
    "dest": [
      {
        "branch": "master",
        "mr_labels": "sweet500-staging",
        "mkvsidl": "echo nothing todo",
        "releasecontent": "ampere Makefile protolint.yaml",
        "filters": [
          {
            "path": ".ci/filter_quinault.txt",
            "invert": "true"
          }
        ]
      }
    ]
  },
  {
    "description": "Config to push FIDL and DEF to SDV network delivery",
    "name": "SDV_NWK_Delivery",
    "target_project": {
      "path": "sdv/architecture/rsc/sdv-network-delivery.git",
      "id": "147695"
    },
    "dest": [
      {
        "branch": "stable/25R04",
        "mr_labels": "BL4.1_ENDS::25R02",
        "mkvsidl_targets": "ssot_tools_install_ci fidl def",
        "releasecontent": "gen/def_fidl"
      }
    ]
  }
]
