[
    {
        "Feature Name": "AC Charge V2H/V2G",
        "Specs (All Of)": null,
        "Field Name": "sdv.cockpit.hmi_sdv.conf:HmiSdvConfig.v2x_display.vehicle2x",
        "Combining Operator": "None Of",
        "Field Values": "V2X_WITHOUT_V2G_AND_WITHOUT_V2L: 0",
        "Field Values (bitwise)": 1
    },
    {
        "Feature Name": "ACC Stop n Go",
        "Specs (All Of)": null,
        "Field Name": "sdv.cockpit.hmi_sdv.conf:HmiSdvConfig.adas_longitudinal_display.automatic_cruise_control_preferred_interdistance_present",
        "Combining Operator": "None Of",
        "Field Values": "FALSE: 0",
        "Field Values (bitwise)": 1
    },
    {
        "Feature Name": "Active Emergency Braking (AEB)",
        "Specs (All Of)": null,
        "Field Name": null,
        "Combining Operator": "None Of",
        "Field Values": null,
        "Field Values (bitwise)": -1
    },
    {
        "Feature Name": "Adaptative Cruise Control Speed Limiter (ACC-SL)",
        "Specs (All Of)": null,
        "Field Name": null,
        "Combining Operator": "None Of",
        "Field Values": null,
        "Field Values (bitwise)": -1
    },
    {
        "Feature Name": "Adaptive cruise control (ACC)",
        "Specs (All Of)": null,
        "Field Name": null,
        "Combining Operator": "None Of",
        "Field Values": null,
        "Field Values (bitwise)": -1
    },
    {
        "Feature Name": "ADAS environment detection for fusion",
        "Specs (All Of)": null,
        "Field Name": null,
        "Combining Operator": "None Of",
        "Field Values": null,
        "Field Values (bitwise)": -1
    },
    {
        "Feature Name": "ADL2 Lateral Hands-ON",
        "Specs (All Of)": null,
        "Field Name": null,
        "Combining Operator": "None Of",
        "Field Values": null,
        "Field Values (bitwise)": -1
    },
    {
        "Feature Name": "After Sales Alarm",
        "Specs (All Of)": null,
        "Field Name": "hmi_config:HMI.access.mpu_volumalarm",
        "Combining Operator": "None Of",
        "Field Values": "VOLUMALARM_NOT_PRESENT: 0",
        "Field Values (bitwise)": 1
    },
    {
        "Feature Name": "Alternative Current outlet (V2L) except during charging",
        "Specs (All Of)": null,
        "Field Name": "hmi_config:HMI.hmi_feature.vehiclemode",
        "Combining Operator": "Any Of",
        "Field Values": "EV: 1\nPHEV: 3",
        "Field Values (bitwise)": 10
    },
    {
        "Feature Name": "Around view monitor (AVM)",
        "Specs (All Of)": null,
        "Field Name": "hmi_config:HMI.adas3.ar_avmsystem",
        "Combining Operator": "Any Of",
        "Field Values": "RVC: 1\nAVM: 2",
        "Field Values (bitwise)": 6
    },
    {
        "Feature Name": "ASR anti-slip",
        "Specs (All Of)": null,
        "Field Name": null,
        "Combining Operator": "None Of",
        "Field Values": null,
        "Field Values (bitwise)": -1
    },
    {
        "Feature Name": "Assisted parking brake",
        "Specs (All Of)": null,
        "Field Name": null,
        "Combining Operator": "None Of",
        "Field Values": null,
        "Field Values (bitwise)": -1
    },
    {
        "Feature Name": "Auto Hold (Obsolete FACE)",
        "Specs (All Of)": null,
        "Field Name": "sdv.cockpit.hmi_sdv.conf:HmiSdvConfig.general.auto_hold",
        "Combining Operator": "None Of",
        "Field Values": "FALSE: 0",
        "Field Values (bitwise)": 1
    },
    {
        "Feature Name": "Automatic Cabin Air Purifying Control",
        "Specs (All Of)": null,
        "Field Name": "hmi_config:HMI.comfort.air_freshener",
        "Combining Operator": "None Of",
        "Field Values": "NO_AIR_FRESHENER_TO_BE_DISPLAY: 0",
        "Field Values (bitwise)": 1
    },
    {
        "Feature Name": "Automatic door locking",
        "Specs (All Of)": null,
        "Field Name": "hmi_config:HMI.access.mpu_autorelock",
        "Combining Operator": "None Of",
        "Field Values": "AUTO_RELOCK_NOT_PRESENT: 0",
        "Field Values (bitwise)": 1
    },
    {
        "Feature Name": "Automatic Emergency Braking System (AEBS)",
        "Specs (All Of)": null,
        "Field Name": null,
        "Combining Operator": "None Of",
        "Field Values": null,
        "Field Values (bitwise)": -1
    },
    {
        "Feature Name": "Automatic Front Cabin Climate Control",
        "Specs (All Of)": null,
        "Field Name": "sdv.cockpit.hmi.climate.conf:HmiClimateConfig.climate_control.clim_auto",
        "Combining Operator": "None Of",
        "Field Values": "FALSE: 0",
        "Field Values (bitwise)": 1
    },
    {
        "Feature Name": "Automatic High/Low beam (AHL)",
        "Specs (All Of)": null,
        "Field Name": null,
        "Combining Operator": "None Of",
        "Field Values": null,
        "Field Values (bitwise)": -1
    },
    {
        "Feature Name": "Automatic light system",
        "Specs (All Of)": null,
        "Field Name": null,
        "Combining Operator": "None Of",
        "Field Values": null,
        "Field Values (bitwise)": -1
    },
    {
        "Feature Name": "Automatic Localized Comfort Control",
        "Specs (All Of)": null,
        "Field Name": null,
        "Combining Operator": "None Of",
        "Field Values": null,
        "Field Values (bitwise)": -1
    },
    {
        "Feature Name": "Automatic Low beam static slope mgt",
        "Specs (All Of)": null,
        "Field Name": null,
        "Combining Operator": "None Of",
        "Field Values": null,
        "Field Values (bitwise)": -1
    },
    {
        "Feature Name": "Automatic rear wiper on rear gear",
        "Specs (All Of)": null,
        "Field Name": "hmi_config:HMI.vision.mpu_rearwiper",
        "Combining Operator": "None Of",
        "Field Values": "REAR_WIPER_WHEN_REAR_GEAR_ENGAGED_NOT_PRESENT: 0",
        "Field Values (bitwise)": 1
    },
    {
        "Feature Name": "Automatic Traction battery Cooling Control (Obsolete SDV_Evo)",
        "Specs (All Of)": null,
        "Field Name": null,
        "Combining Operator": "None Of",
        "Field Values": null,
        "Field Values (bitwise)": -1
    },
    {
        "Feature Name": "Automatic Windows Defrosting Control",
        "Specs (All Of)": null,
        "Field Name": null,
        "Combining Operator": "None Of",
        "Field Values": null,
        "Field Values (bitwise)": -1
    },
    {
        "Feature Name": "Automatic Windows Demisting Control",
        "Specs (All Of)": null,
        "Field Name": null,
        "Combining Operator": "None Of",
        "Field Values": null,
        "Field Values (bitwise)": -1
    },
    {
        "Feature Name": "Backlights rheostat for commands and screens",
        "Specs (All Of)": null,
        "Field Name": null,
        "Combining Operator": "None Of",
        "Field Values": null,
        "Field Values (bitwise)": -1
    },
    {
        "Feature Name": "Basic Navigation",
        "Specs (All Of)": null,
        "Field Name": "nav_config:NAV.nav_feature.navapp",
        "Combining Operator": "Any Of",
        "Field Values": "GMAPS: 1\nHERE: 2",
        "Field Values (bitwise)": 6
    },
    {
        "Feature Name": "Blind-Spot Warning (BSW)",
        "Specs (All Of)": null,
        "Field Name": null,
        "Combining Operator": "None Of",
        "Field Values": null,
        "Field Values (bitwise)": -1
    },
    {
        "Feature Name": "Braking and standstill with accel pedal  (e-Pedal)",
        "Specs (All Of)": null,
        "Field Name": "sdv.cockpit.hmi_sdv.conf:HmiSdvConfig.gear_box.one_pedal_setting_displayed",
        "Combining Operator": "None Of",
        "Field Values": "FALSE: 0",
        "Field Values (bitwise)": 1
    },
    {
        "Feature Name": "Bulkhead sliding door",
        "Specs (All Of)": null,
        "Field Name": null,
        "Combining Operator": "None Of",
        "Field Values": null,
        "Field Values (bitwise)": -1
    },
    {
        "Feature Name": "Camera Monitoring System Class ?",
        "Specs (All Of)": null,
        "Field Name": null,
        "Combining Operator": "None Of",
        "Field Values": null,
        "Field Values (bitwise)": -1
    },
    {
        "Feature Name": "Centralised door lock and unlock",
        "Specs (All Of)": null,
        "Field Name": null,
        "Combining Operator": "None Of",
        "Field Values": null,
        "Field Values (bitwise)": -1
    },
    {
        "Feature Name": "Contextual Accel Pedal Off (APO)",
        "Specs (All Of)": null,
        "Field Name": "sdv.cockpit.hmi_sdv.conf:HmiSdvConfig.adas_longitudinal_display.acceleration_pedal_off_present",
        "Combining Operator": "None Of",
        "Field Values": "FALSE: 0",
        "Field Values (bitwise)": 1
    },
    {
        "Feature Name": "Contextual Auto Regen-braking (CAR-B)",
        "Specs (All Of)": null,
        "Field Name": null,
        "Combining Operator": "None Of",
        "Field Values": null,
        "Field Values (bitwise)": -1
    },
    {
        "Feature Name": "Contextual Positionning and Horizon",
        "Specs (All Of)": null,
        "Field Name": "multimedia_config:MULTIMEDIA.ehorizon.adasisv2_ehorizon",
        "Combining Operator": "None Of",
        "Field Values": "ADASISV2_EHORIZON_DEACTIVATED: 0",
        "Field Values (bitwise)": 1
    },
    {
        "Feature Name": "Convertor’s Companion",
        "Specs (All Of)": null,
        "Field Name": "sdv.cockpit.hmi_sdv.conf:HmiSdvConfig.driver_hmi.convertor_companion_activated",
        "Combining Operator": "None Of",
        "Field Values": "FALSE: 0",
        "Field Values (bitwise)": 1
    },
    {
        "Feature Name": "Cruise control with brake control",
        "Specs (All Of)": null,
        "Field Name": "sdv.cockpit.hmi_sdv.conf:HmiSdvConfig.adas_longitudinal_display.automatic_cruise_control_present",
        "Combining Operator": "None Of",
        "Field Values": "FALSE: 0",
        "Field Values (bitwise)": 1
    },
    {
        "Feature Name": "Custom Shield Command",
        "Specs (All Of)": null,
        "Field Name": "sdv.cockpit.hmi.switches.custom_shield.conf:CustomShieldConfig.custom_shield_state.state",
        "Combining Operator": "None Of",
        "Field Values": "STATE_T_CS_ABSENT: 0",
        "Field Values (bitwise)": 1
    },
    {
        "Feature Name": "Cybersecurity Intrusion detection and reaction",
        "Specs (All Of)": null,
        "Field Name": null,
        "Combining Operator": "None Of",
        "Field Values": null,
        "Field Values (bitwise)": -1
    },
    {
        "Feature Name": "Diagnostic on CAN or IP",
        "Specs (All Of)": null,
        "Field Name": null,
        "Combining Operator": "None Of",
        "Field Values": null,
        "Field Values (bitwise)": -1
    },
    {
        "Feature Name": "Display and associated command",
        "Specs (All Of)": null,
        "Field Name": null,
        "Combining Operator": "None Of",
        "Field Values": null,
        "Field Values (bitwise)": -1
    },
    {
        "Feature Name": "Display language and units synchronization (Obsolete FACE)",
        "Specs (All Of)": null,
        "Field Name": null,
        "Combining Operator": "None Of",
        "Field Values": null,
        "Field Values (bitwise)": -1
    },
    {
        "Feature Name": "Distance to battery empty",
        "Specs (All Of)": null,
        "Field Name": "hmi_config:HMI.hmi_feature.vehiclemode",
        "Combining Operator": "None Of",
        "Field Values": "ICE: 0",
        "Field Values (bitwise)": 1
    },
    {
        "Feature Name": "Distance warning (DW)",
        "Specs (All Of)": null,
        "Field Name": null,
        "Combining Operator": "None Of",
        "Field Values": null,
        "Field Values (bitwise)": -1
    },
    {
        "Feature Name": "Driver monitoring by camera (DMC)\n",
        "Specs (All Of)": null,
        "Field Name": "sdv.cockpit.hmi_sdv.conf:HmiSdvConfig.adas_awareness_display.occupant_monitoring_system_present",
        "Combining Operator": "None Of",
        "Field Values": "FALSE: 0",
        "Field Values (bitwise)": 1
    },
    {
        "Feature Name": "Driving information area logic",
        "Specs (All Of)": null,
        "Field Name": null,
        "Combining Operator": "None Of",
        "Field Values": null,
        "Field Values (bitwise)": -1
    },
    {
        "Feature Name": "DTC management for repairing",
        "Specs (All Of)": null,
        "Field Name": null,
        "Combining Operator": "None Of",
        "Field Values": null,
        "Field Values (bitwise)": -1
    },
    {
        "Feature Name": "Eco-coaching",
        "Specs (All Of)": null,
        "Field Name": null,
        "Combining Operator": "None Of",
        "Field Values": null,
        "Field Values (bitwise)": -1
    },
    {
        "Feature Name": "Eco-monitoring",
        "Specs (All Of)": null,
        "Field Name": null,
        "Combining Operator": "None Of",
        "Field Values": null,
        "Field Values (bitwise)": -1
    },
    {
        "Feature Name": "Eco-scoring",
        "Specs (All Of)": null,
        "Field Name": "driving_config:DRIVING.drivingeco.ecofn",
        "Combining Operator": "None Of",
        "Field Values": "DESACTIVATE: 0",
        "Field Values (bitwise)": 1
    },
    {
        "Feature Name": "eDrive-Electromechanical conversion",
        "Specs (All Of)": null,
        "Field Name": null,
        "Combining Operator": "None Of",
        "Field Values": null,
        "Field Values (bitwise)": -1
    },
    {
        "Feature Name": "EES Communication with on board & off board devices",
        "Specs (All Of)": null,
        "Field Name": null,
        "Combining Operator": "None Of",
        "Field Values": null,
        "Field Values (bitwise)": -1
    },
    {
        "Feature Name": "EES Safety & regulation compliance",
        "Specs (All Of)": null,
        "Field Name": null,
        "Combining Operator": "None Of",
        "Field Values": null,
        "Field Values (bitwise)": -1
    },
    {
        "Feature Name": "Electric Route Planner (ERP)",
        "Specs (All Of)": null,
        "Field Name": "hmi_config:HMI.hmi_feature.vehiclemode",
        "Combining Operator": "None Of",
        "Field Values": "ICE: 0",
        "Field Values (bitwise)": 1
    },
    {
        "Feature Name": "Emergency Lane Keeping Assist - OverTaking (ELK-OT)",
        "Specs (All Of)": null,
        "Field Name": "hmi_config:HMI.adas.elka",
        "Combining Operator": "None Of",
        "Field Values": "ELKA_NOT_PRESENT: 0",
        "Field Values (bitwise)": 1
    },
    {
        "Feature Name": "Emergency Stop Assist (ESA)",
        "Specs (All Of)": null,
        "Field Name": "hmi_config:HMI.adas2.cfg_adas_esa",
        "Combining Operator": "None Of",
        "Field Values": "ESA_NOT_PRESENT: 0",
        "Field Values (bitwise)": 1
    },
    {
        "Feature Name": "Engineering Data Collection",
        "Specs (All Of)": null,
        "Field Name": null,
        "Combining Operator": "None Of",
        "Field Values": null,
        "Field Values (bitwise)": -1
    },
    {
        "Feature Name": "Ext mirrors folding at door lock",
        "Specs (All Of)": null,
        "Field Name": "hmi_config:HMI.bodyequipment.mpu_mirrorsfolding",
        "Combining Operator": "None Of",
        "Field Values": "MIRRORSFOLDINGATDOORLOCKNOTPRESENT: 0",
        "Field Values (bitwise)": 1
    },
    {
        "Feature Name": "Extended Grip",
        "Specs (All Of)": null,
        "Field Name": null,
        "Combining Operator": "None Of",
        "Field Values": null,
        "Field Values (bitwise)": -1
    },
    {
        "Feature Name": "External temperature display",
        "Specs (All Of)": null,
        "Field Name": null,
        "Combining Operator": "None Of",
        "Field Values": null,
        "Field Values (bitwise)": -1
    },
    {
        "Feature Name": "External Welcoming Goodbye sequence",
        "Specs (All Of)": null,
        "Field Name": "sdv.cockpit.hmi_sdv.conf:HmiSdvConfig.welcome_sequence.welcome_sequence",
        "Combining Operator": "None Of",
        "Field Values": "NO_WELCOME_SEQUENCE: 0",
        "Field Values (bitwise)": 1
    },
    {
        "Feature Name": "Face Recognition",
        "Specs (All Of)": null,
        "Field Name": null,
        "Combining Operator": "None Of",
        "Field Values": null,
        "Field Values (bitwise)": -1
    },
    {
        "Feature Name": "Flank Protection (FKP)",
        "Specs (All Of)": null,
        "Field Name": "hmi_config:HMI.adas.fkp",
        "Combining Operator": "None Of",
        "Field Values": "FKP_NOT_PRESENT: 0",
        "Field Values (bitwise)": 1
    },
    {
        "Feature Name": "Flashers",
        "Specs (All Of)": null,
        "Field Name": "hmi_config:HMI.vision.mpu_flashersvolumeselection",
        "Combining Operator": "None Of",
        "Field Values": "FLASHERS_VOLUME_SELECTION_NOT_PRESENT: 0",
        "Field Values (bitwise)": 1
    },
    {
        "Feature Name": "Fleet asset management",
        "Specs (All Of)": null,
        "Field Name": null,
        "Combining Operator": "None Of",
        "Field Values": null,
        "Field Values (bitwise)": -1
    },
    {
        "Feature Name": "Fleet Fixed Speed Limiter (FSL)",
        "Specs (All Of)": null,
        "Field Name": null,
        "Combining Operator": "None Of",
        "Field Values": null,
        "Field Values (bitwise)": -1
    },
    {
        "Feature Name": "Front door delivery-type for easy in-out",
        "Specs (All Of)": null,
        "Field Name": null,
        "Combining Operator": "None Of",
        "Field Values": null,
        "Field Values (bitwise)": -1
    },
    {
        "Feature Name": "Front Elec. Wind. pulse control",
        "Specs (All Of)": null,
        "Field Name": null,
        "Combining Operator": "None Of",
        "Field Values": null,
        "Field Values (bitwise)": -1
    },
    {
        "Feature Name": "Front fog lamps management",
        "Specs (All Of)": null,
        "Field Name": null,
        "Combining Operator": "None Of",
        "Field Values": null,
        "Field Values (bitwise)": -1
    },
    {
        "Feature Name": "Front park assist",
        "Specs (All Of)": null,
        "Field Name": "hmi_config:HMI.adas.upa_visual",
        "Combining Operator": "Any Of",
        "Field Values": "UPA_REAR_FRONT: 2",
        "Field Values (bitwise)": 4
    },
    {
        "Feature Name": "Front window wiper",
        "Specs (All Of)": null,
        "Field Name": null,
        "Combining Operator": "None Of",
        "Field Values": null,
        "Field Values (bitwise)": -1
    },
    {
        "Feature Name": "Front wiper variable rate",
        "Specs (All Of)": null,
        "Field Name": null,
        "Combining Operator": "None Of",
        "Field Values": null,
        "Field Values (bitwise)": -1
    },
    {
        "Feature Name": "Full automatic wipers",
        "Specs (All Of)": null,
        "Field Name": null,
        "Combining Operator": "None Of",
        "Field Values": null,
        "Field Values (bitwise)": -1
    },
    {
        "Feature Name": "Global End of Driving",
        "Specs (All Of)": null,
        "Field Name": "hmi_config:HMI.bodyequipment.cf_mpu_accessmode",
        "Combining Operator": "None Of",
        "Field Values": "LCV_IKEY_MODE_NOT_PRESENT: 0",
        "Field Values (bitwise)": 1
    },
    {
        "Feature Name": "Hazard warning lamps",
        "Specs (All Of)": null,
        "Field Name": null,
        "Combining Operator": "None Of",
        "Field Values": null,
        "Field Values (bitwise)": -1
    },
    {
        "Feature Name": "Head lamps washers",
        "Specs (All Of)": null,
        "Field Name": null,
        "Combining Operator": "None Of",
        "Field Values": null,
        "Field Values (bitwise)": -1
    },
    {
        "Feature Name": "HMI vehicle state management",
        "Specs (All Of)": null,
        "Field Name": null,
        "Combining Operator": "None Of",
        "Field Values": null,
        "Field Values (bitwise)": -1
    },
    {
        "Feature Name": "HV & 48V - HMI and Remote Data",
        "Specs (All Of)": null,
        "Field Name": "sdv.cockpit.hmi_sdv.conf:HmiSdvConfig.energy_flow.energy_flow_displayed",
        "Combining Operator": "None Of",
        "Field Values": "FALSE: 0",
        "Field Values (bitwise)": 1
    },
    {
        "Feature Name": "In cabin announcement, information and alert sounds restitution\n\n",
        "Specs (All Of)": null,
        "Field Name": null,
        "Combining Operator": "None Of",
        "Field Values": null,
        "Field Values (bitwise)": -1
    },
    {
        "Feature Name": "In cabin entertainment sounds restitution\n\n",
        "Specs (All Of)": null,
        "Field Name": null,
        "Combining Operator": "None Of",
        "Field Values": null,
        "Field Values (bitwise)": -1
    },
    {
        "Feature Name": "Instantaneous & average High Voltage Energy consumption",
        "Specs (All Of)": null,
        "Field Name": null,
        "Combining Operator": "None Of",
        "Field Values": null,
        "Field Values (bitwise)": -1
    },
    {
        "Feature Name": "Internal Welcoming Goodbye sequence",
        "Specs (All Of)": null,
        "Field Name": "sdv.cockpit.hmi_sdv.conf:HmiSdvConfig.welcome_sequence.welcome_sequence",
        "Combining Operator": "None Of",
        "Field Values": "NO_WELCOME_SEQUENCE: 0",
        "Field Values (bitwise)": 1
    },
    {
        "Feature Name": "Internet Data Plan",
        "Specs (All Of)": null,
        "Field Name": null,
        "Combining Operator": "None Of",
        "Field Values": null,
        "Field Values (bitwise)": -1
    },
    {
        "Feature Name": "Lane departure warning (LDW)",
        "Specs (All Of)": null,
        "Field Name": "sdv.cockpit.hmi_sdv.conf:HmiSdvConfig.adas_lateral_display.lane_support_lane_departure_warning_present",
        "Combining Operator": "None Of",
        "Field Values": "FALSE: 0",
        "Field Values (bitwise)": 1
    },
    {
        "Feature Name": "Lane keeping assist (LKA / LDP)",
        "Specs (All Of)": null,
        "Field Name": null,
        "Combining Operator": "None Of",
        "Field Values": null,
        "Field Values (bitwise)": -1
    },
    {
        "Feature Name": "Lifetime On Board Energy Consumption Monitoring",
        "Specs (All Of)": null,
        "Field Name": null,
        "Combining Operator": "None Of",
        "Field Values": null,
        "Field Values (bitwise)": -1
    },
    {
        "Feature Name": "Manual Cabin Air Insulation Control",
        "Specs (All Of)": null,
        "Field Name": null,
        "Combining Operator": "None Of",
        "Field Values": null,
        "Field Values (bitwise)": -1
    },
    {
        "Feature Name": "Manual Front Cabin Climate Control",
        "Specs (All Of)": null,
        "Field Name": "sdv.cockpit.hmi.climate.conf:HmiClimateConfig.climate_control.clim_type",
        "Combining Operator": "None Of",
        "Field Values": "UNAVAILABLE: 0",
        "Field Values (bitwise)": 1
    },
    {
        "Feature Name": "Manual Front Seats Heating Control",
        "Specs (All Of)": "HeatedSeats",
        "Field Name": "sdv.cockpit.hmi.climate.conf:HmiClimateConfig.heat_vent_seat.front_left_seat_heat",
        "Combining Operator": "None Of",
        "Field Values": "UNAVAILABLE: 0",
        "Field Values (bitwise)": 1
    },
    {
        "Feature Name": "Manual Front Seats Heating Control",
        "Specs (All Of)": "HeatedSeats",
        "Field Name": "sdv.cockpit.hmi.climate.conf:HmiClimateConfig.heat_vent_seat.front_right_seat_heat",
        "Combining Operator": "None Of",
        "Field Values": "UNAVAILABLE: 0",
        "Field Values (bitwise)": 1
    },
    {
        "Feature Name": "Manual Low beam slope mgt",
        "Specs (All Of)": null,
        "Field Name": null,
        "Combining Operator": "None Of",
        "Field Values": null,
        "Field Values (bitwise)": -1
    },
    {
        "Feature Name": "Manual Rear Window Defrosting Control",
        "Specs (All Of)": null,
        "Field Name": null,
        "Combining Operator": "None Of",
        "Field Values": null,
        "Field Values (bitwise)": -1
    },
    {
        "Feature Name": "Manual Steering Wheel Heating Control",
        "Specs (All Of)": null,
        "Field Name": "sdv.cockpit.hmi.climate.conf:HmiClimateConfig.climate_control.steering_wheel_heat",
        "Combining Operator": "None Of",
        "Field Values": "FALSE: 0",
        "Field Values (bitwise)": 1
    },
    {
        "Feature Name": "Manual Windscreen defrosting Control",
        "Specs (All Of)": null,
        "Field Name": "sdv.cockpit.hmi.climate.conf:HmiClimateConfig.climate_control.front_defroster",
        "Combining Operator": "None Of",
        "Field Values": "FALSE: 0",
        "Field Values (bitwise)": 1
    },
    {
        "Feature Name": "Mobile device management",
        "Specs (All Of)": null,
        "Field Name": null,
        "Combining Operator": "None Of",
        "Field Values": null,
        "Field Values (bitwise)": -1
    },
    {
        "Feature Name": "MSR anti-slip",
        "Specs (All Of)": null,
        "Field Name": null,
        "Combining Operator": "None Of",
        "Field Values": null,
        "Field Values (bitwise)": -1
    },
    {
        "Feature Name": "MultiMode",
        "Specs (All Of)": null,
        "Field Name": null,
        "Combining Operator": "None Of",
        "Field Values": null,
        "Field Values (bitwise)": -1
    },
    {
        "Feature Name": "Normal and Accelerated charging (AC charging)",
        "Specs (All Of)": null,
        "Field Name": "hmi_config:HMI.hmi_feature.vehiclemode",
        "Combining Operator": "Any Of",
        "Field Values": "EV: 1",
        "Field Values (bitwise)": 2
    },
    {
        "Feature Name": "Occupant protection by active restraint system",
        "Specs (All Of)": null,
        "Field Name": null,
        "Combining Operator": "None Of",
        "Field Values": null,
        "Field Values (bitwise)": -1
    },
    {
        "Feature Name": "Occupant Safe Exit (OSE)",
        "Specs (All Of)": null,
        "Field Name": "hmi_config:HMI.adas.ose",
        "Combining Operator": "None Of",
        "Field Values": "OSE_NOT_PRESENT: 0",
        "Field Values (bitwise)": 1
    },
    {
        "Feature Name": "OEM Bench Mode",
        "Specs (All Of)": null,
        "Field Name": null,
        "Combining Operator": "None Of",
        "Field Values": null,
        "Field Values (bitwise)": -1
    },
    {
        "Feature Name": "Off-board vehicle information",
        "Specs (All Of)": null,
        "Field Name": null,
        "Combining Operator": "None Of",
        "Field Values": null,
        "Field Values (bitwise)": -1
    },
    {
        "Feature Name": "Ouside mirrors defrosting",
        "Specs (All Of)": null,
        "Field Name": null,
        "Combining Operator": "None Of",
        "Field Values": null,
        "Field Values (bitwise)": -1
    },
    {
        "Feature Name": "Outside mirrors Autodipping in reverse gear",
        "Specs (All Of)": null,
        "Field Name": "hmi_config:HMI.bodyequipment.mpu_mirrorsfolding",
        "Combining Operator": "None Of",
        "Field Values": "MIRRORSFOLDINGATDOORLOCKNOTPRESENT: 0",
        "Field Values (bitwise)": 1
    },
    {
        "Feature Name": "Park Lock Management",
        "Specs (All Of)": null,
        "Field Name": "sdv.cockpit.hmi_sdv.conf:HmiSdvConfig.gear_box.gear_box_type",
        "Combining Operator": "Any Of",
        "Field Values": "GEARBOX_TYPE_AUTO_RNDP: 0\nGEARBOX_TYPE_AUTO_RNDBP: 1",
        "Field Values (bitwise)": 3
    },
    {
        "Feature Name": "Portable device inductive charge",
        "Specs (All Of)": null,
        "Field Name": "sdv.cockpit.hmi_sdv.conf:HmiSdvConfig.general.wireless_charge_base_station_enable",
        "Combining Operator": "None Of",
        "Field Values": "FALSE: 0",
        "Field Values (bitwise)": 1
    },
    {
        "Feature Name": "Position and head lamps management",
        "Specs (All Of)": null,
        "Field Name": null,
        "Combining Operator": "None Of",
        "Field Values": null,
        "Field Values (bitwise)": -1
    },
    {
        "Feature Name": "Powertrain Activation Deactivation (PAD)",
        "Specs (All Of)": null,
        "Field Name": null,
        "Combining Operator": "None Of",
        "Field Values": null,
        "Field Values (bitwise)": -1
    },
    {
        "Feature Name": "Privacy Management",
        "Specs (All Of)": null,
        "Field Name": null,
        "Combining Operator": "None Of",
        "Field Values": null,
        "Field Values (bitwise)": -1
    },
    {
        "Feature Name": "Protect 12V battery",
        "Specs (All Of)": null,
        "Field Name": null,
        "Combining Operator": "None Of",
        "Field Values": null,
        "Field Values (bitwise)": -1
    },
    {
        "Feature Name": "Push to lock",
        "Specs (All Of)": null,
        "Field Name": "hmi_config:HMI.bodyequipment.cf_mpu_accessmode",
        "Combining Operator": "None Of",
        "Field Values": "LCV_IKEY_MODE_NOT_PRESENT: 0",
        "Field Values (bitwise)": 1
    },
    {
        "Feature Name": "Radio reception system",
        "Specs (All Of)": null,
        "Field Name": null,
        "Combining Operator": "None Of",
        "Field Values": null,
        "Field Values (bitwise)": -1
    },
    {
        "Feature Name": "Readiness for Google Automotive Services",
        "Specs (All Of)": null,
        "Field Name": null,
        "Combining Operator": "None Of",
        "Field Values": null,
        "Field Values (bitwise)": -1
    },
    {
        "Feature Name": "Rear AEB",
        "Specs (All Of)": null,
        "Field Name": "hmi_config:HMI.adas.raeb",
        "Combining Operator": "None Of",
        "Field Values": "RAEB_NOT_PRESENT: 0",
        "Field Values (bitwise)": 1
    },
    {
        "Feature Name": "Rear AEB - Rear Cross Traffic Braking (RAEB-RCTB)",
        "Specs (All Of)": null,
        "Field Name": "hmi_config:HMI.adas.raeb",
        "Combining Operator": "None Of",
        "Field Values": "RAEB_NOT_PRESENT: 0",
        "Field Values (bitwise)": 1
    },
    {
        "Feature Name": "Rear Cross Traffic Alert (RCTA)",
        "Specs (All Of)": null,
        "Field Name": "hmi_config:HMI.adas.rcta",
        "Combining Operator": "None Of",
        "Field Values": "RCTA_NOT_PRESENT: 0",
        "Field Values (bitwise)": 1
    },
    {
        "Feature Name": "Rear Elec. Wind. pulse control",
        "Specs (All Of)": null,
        "Field Name": null,
        "Combining Operator": "None Of",
        "Field Values": null,
        "Field Values (bitwise)": -1
    },
    {
        "Feature Name": "Rear fog lamps",
        "Specs (All Of)": null,
        "Field Name": null,
        "Combining Operator": "None Of",
        "Field Values": null,
        "Field Values (bitwise)": -1
    },
    {
        "Feature Name": "Rear Park Assist",
        "Specs (All Of)": null,
        "Field Name": "hmi_config:HMI.adas.upa_visual",
        "Combining Operator": "Any Of",
        "Field Values": "UPA_REAR: 1\nUPA_REAR_FRONT: 2",
        "Field Values (bitwise)": 6
    },
    {
        "Feature Name": "Rear window wiper",
        "Specs (All Of)": null,
        "Field Name": null,
        "Combining Operator": "None Of",
        "Field Values": null,
        "Field Values (bitwise)": -1
    },
    {
        "Feature Name": "Regenerative deceleration at accelerator pedal release",
        "Specs (All Of)": null,
        "Field Name": null,
        "Combining Operator": "None Of",
        "Field Values": null,
        "Field Values (bitwise)": -1
    },
    {
        "Feature Name": "Regulatory Emergency Call (Regulatory eCall)",
        "Specs (All Of)": null,
        "Field Name": null,
        "Combining Operator": "None Of",
        "Field Values": null,
        "Field Values (bitwise)": -1
    },
    {
        "Feature Name": "Remote access control",
        "Specs (All Of)": null,
        "Field Name": "hmi_config:HMI.bodyequipment.mpu_virtualkey",
        "Combining Operator": "None Of",
        "Field Values": "VIRTUALKEY_NOTPRESENT: 0",
        "Field Values (bitwise)": 1
    },
    {
        "Feature Name": "Remote Cabin Climate Control",
        "Specs (All Of)": null,
        "Field Name": "hmi_config:HMI.bodyequipment.mpu_virtualkey",
        "Combining Operator": "None Of",
        "Field Values": "VIRTUALKEY_NOTPRESENT: 0",
        "Field Values (bitwise)": 1
    },
    {
        "Feature Name": "Remote diagnosis",
        "Specs (All Of)": null,
        "Field Name": null,
        "Combining Operator": "None Of",
        "Field Values": null,
        "Field Values (bitwise)": -1
    },
    {
        "Feature Name": "Remote windows closing and opening",
        "Specs (All Of)": null,
        "Field Name": "hmi_config:HMI.bodyequipment.mpu_virtualkey",
        "Combining Operator": "None Of",
        "Field Values": "VIRTUALKEY_NOTPRESENT: 0",
        "Field Values (bitwise)": 1
    },
    {
        "Feature Name": "Safety Score and coaching",
        "Specs (All Of)": null,
        "Field Name": "safetyscore_config:SAFETYSCORE.safetyscore.cnf_safetyscore_safetyfn",
        "Combining Operator": "None Of",
        "Field Values": "DEACTIVATE_SAFETYSCORE: 0",
        "Field Values (bitwise)": 1
    },
    {
        "Feature Name": "Seat Belt Reminder",
        "Specs (All Of)": null,
        "Field Name": null,
        "Combining Operator": "None Of",
        "Field Values": null,
        "Field Values (bitwise)": -1
    },
    {
        "Feature Name": "Selected Door Unlocking (SDU)",
        "Specs (All Of)": null,
        "Field Name": "hmi_config:HMI.access.mpu_singledooropening",
        "Combining Operator": "None Of",
        "Field Values": "SINGLE_DOOR_OPENING_NOT_PRESENT: 0",
        "Field Values (bitwise)": 1
    },
    {
        "Feature Name": "Separated doors zones management",
        "Specs (All Of)": null,
        "Field Name": "hmi_config:HMI.bodyequipment.cf_mpu_accessmode",
        "Combining Operator": "None Of",
        "Field Values": "LCV_IKEY_MODE_NOT_PRESENT: 0",
        "Field Values (bitwise)": 1
    },
    {
        "Feature Name": "Smart internal lights mgt",
        "Specs (All Of)": null,
        "Field Name": "sdv.cockpit.hmi_sdv.conf:HmiSdvConfig.ebody.cockpit_lights_setting_displayed",
        "Combining Operator": "None Of",
        "Field Values": "FALSE: 0",
        "Field Values (bitwise)": 1
    },
    {
        "Feature Name": "Speed limiter with brake control",
        "Specs (All Of)": null,
        "Field Name": "hmi_config:HMI.adas2.cfg_adas_slauto",
        "Combining Operator": "None Of",
        "Field Values": "SLAUTO_NOT_PRESENT: 0",
        "Field Values (bitwise)": 1
    },
    {
        "Feature Name": "Speed Traffic Sign Recognition and Over Speed Prevention (TSR/OSP/ISA)",
        "Specs (All Of)": null,
        "Field Name": null,
        "Combining Operator": "None Of",
        "Field Values": null,
        "Field Values (bitwise)": -1
    },
    {
        "Feature Name": "Stationary Mode",
        "Specs (All Of)": null,
        "Field Name": "hmi_config:HMI.bodyequipment.mpu_virtualkey",
        "Combining Operator": "None Of",
        "Field Values": "VIRTUALKEY_NOTPRESENT: 0",
        "Field Values (bitwise)": 1
    },
    {
        "Feature Name": "Supply 14V network with quality & quantity",
        "Specs (All Of)": null,
        "Field Name": null,
        "Combining Operator": "None Of",
        "Field Values": null,
        "Field Values (bitwise)": -1
    },
    {
        "Feature Name": "SW Update with OTA",
        "Specs (All Of)": null,
        "Field Name": null,
        "Combining Operator": "None Of",
        "Field Values": null,
        "Field Values (bitwise)": -1
    },
    {
        "Feature Name": "SW update with wired tool",
        "Specs (All Of)": null,
        "Field Name": null,
        "Combining Operator": "None Of",
        "Field Values": null,
        "Field Values (bitwise)": -1
    },
    {
        "Feature Name": "Telematic services for After Sales",
        "Specs (All Of)": null,
        "Field Name": null,
        "Combining Operator": "None Of",
        "Field Values": null,
        "Field Values (bitwise)": -1
    },
    {
        "Feature Name": "Telematic services for manufacturing and logistics",
        "Specs (All Of)": null,
        "Field Name": null,
        "Combining Operator": "None Of",
        "Field Values": null,
        "Field Values (bitwise)": -1
    },
    {
        "Feature Name": "TPMS Automatic valves localization (Obsolete FACE)",
        "Specs (All Of)": null,
        "Field Name": "hmi_config:HMI.tpms.tpmsmmi",
        "Combining Operator": "Any Of",
        "Field Values": "TPW_IS_NOT_PRESENT_AND_TPMS_IS_PRESENT: 1",
        "Field Values (bitwise)": 2
    },
    {
        "Feature Name": "TPMS Eco-Info",
        "Specs (All Of)": null,
        "Field Name": "hmi_config:HMI.tpms.tpmsmmi",
        "Combining Operator": "Any Of",
        "Field Values": "TPW_IS_NOT_PRESENT_AND_TPMS_IS_PRESENT: 1",
        "Field Values (bitwise)": 2
    },
    {
        "Feature Name": "Tyres pressure display",
        "Specs (All Of)": null,
        "Field Name": "hmi_config:HMI.tpms.tpmsmmi",
        "Combining Operator": "Any Of",
        "Field Values": "TPW_IS_NOT_PRESENT_AND_TPMS_IS_PRESENT: 1",
        "Field Values (bitwise)": 2
    },
    {
        "Feature Name": "Tyres Pressure Monitoring System (TPMS)",
        "Specs (All Of)": null,
        "Field Name": "hmi_config:HMI.tpms.tpmsmmi",
        "Combining Operator": "Any Of",
        "Field Values": "TPW_IS_NOT_PRESENT_AND_TPMS_IS_PRESENT: 1",
        "Field Values (bitwise)": 2
    },
    {
        "Feature Name": "UBI (Usage-Based Insurance) basic",
        "Specs (All Of)": null,
        "Field Name": null,
        "Combining Operator": "None Of",
        "Field Values": null,
        "Field Values (bitwise)": -1
    },
    {
        "Feature Name": "UBI crash management",
        "Specs (All Of)": null,
        "Field Name": null,
        "Combining Operator": "None Of",
        "Field Values": null,
        "Field Values (bitwise)": -1
    },
    {
        "Feature Name": "USB charging plug",
        "Specs (All Of)": null,
        "Field Name": null,
        "Combining Operator": "None Of",
        "Field Values": null,
        "Field Values (bitwise)": -1
    },
    {
        "Feature Name": "UTC Clock Distribution",
        "Specs (All Of)": null,
        "Field Name": null,
        "Combining Operator": "None Of",
        "Field Values": null,
        "Field Values (bitwise)": -1
    },
    {
        "Feature Name": "Variable front-lighting (IHB and/or AFS and/or flagshape)",
        "Specs (All Of)": null,
        "Field Name": null,
        "Combining Operator": "None Of",
        "Field Values": null,
        "Field Values (bitwise)": -1
    },
    {
        "Feature Name": "Vehicle authentication by charge station (Plug and Charge)",
        "Specs (All Of)": null,
        "Field Name": null,
        "Combining Operator": "None Of",
        "Field Values": null,
        "Field Values (bitwise)": -1
    },
    {
        "Feature Name": "Vehicle demo mode by lighting",
        "Specs (All Of)": null,
        "Field Name": null,
        "Combining Operator": "None Of",
        "Field Values": null,
        "Field Values (bitwise)": -1
    },
    {
        "Feature Name": "Vehicle Dynamic Control",
        "Specs (All Of)": null,
        "Field Name": null,
        "Combining Operator": "None Of",
        "Field Values": null,
        "Field Values (bitwise)": -1
    },
    {
        "Feature Name": "Vehicle info memorization",
        "Specs (All Of)": null,
        "Field Name": null,
        "Combining Operator": "None Of",
        "Field Values": null,
        "Field Values (bitwise)": -1
    },
    {
        "Feature Name": "Vehicle Local Hazard detection and broadcast",
        "Specs (All Of)": null,
        "Field Name": null,
        "Combining Operator": "None Of",
        "Field Values": null,
        "Field Values (bitwise)": -1
    },
    {
        "Feature Name": "Vehicle Power Supply Activation",
        "Specs (All Of)": null,
        "Field Name": null,
        "Combining Operator": "None Of",
        "Field Values": null,
        "Field Values (bitwise)": -1
    },
    {
        "Feature Name": "Vehicle Power supply distribution",
        "Specs (All Of)": null,
        "Field Name": null,
        "Combining Operator": "None Of",
        "Field Values": null,
        "Field Values (bitwise)": -1
    },
    {
        "Feature Name": "Vehicle Sound for Pedestrians (VSP)",
        "Specs (All Of)": null,
        "Field Name": "audio_config:AudioConfig.vsp.vsp_feature",
        "Combining Operator": "None Of",
        "Field Values": "VSP_FEATURE_T_NOT_PRESENT: 0",
        "Field Values (bitwise)": 1
    },
    {
        "Feature Name": "Vehicle speed display",
        "Specs (All Of)": null,
        "Field Name": null,
        "Combining Operator": "None Of",
        "Field Values": null,
        "Field Values (bitwise)": -1
    },
    {
        "Feature Name": "Virtual Personal Assistant VPA",
        "Specs (All Of)": null,
        "Field Name": null,
        "Combining Operator": "None Of",
        "Field Values": null,
        "Field Values (bitwise)": -1
    },
    {
        "Feature Name": "VSC2 approach unlock",
        "Specs (All Of)": null,
        "Field Name": "hmi_config:HMI.bodyequipment.cf_mpu_accessmode",
        "Combining Operator": "None Of",
        "Field Values": "LCV_IKEY_MODE_NOT_PRESENT: 0",
        "Field Values (bitwise)": 1
    },
    {
        "Feature Name": "Walk Away Locking (WAL)",
        "Specs (All Of)": null,
        "Field Name": "hmi_config:HMI.bodyequipment.cf_mpu_accessmode",
        "Combining Operator": "None Of",
        "Field Values": "LCV_IKEY_MODE_NOT_PRESENT: 0",
        "Field Values (bitwise)": 1
    },
    {
        "Feature Name": "Wipers service position",
        "Specs (All Of)": null,
        "Field Name": "sdv.cockpit.hmi_sdv.conf:HmiSdvConfig.ebody.front_wiper_service_setting_displayed",
        "Combining Operator": "None Of",
        "Field Values": "FALSE: 0",
        "Field Values (bitwise)": 1
    }
]