[
    {
        "Signal Name": "S:com.ampere.sdv.cockpit.hmi.display_sound_controller.DisplaySoundController.BACKLIGHT.auto_off_day_cid_brightness",
        "Specs (All Of)": null,
        "Field Name": "sdv.cockpit.hmi.backlight.conf:BacklightConfig.dimming_config.dimming_strategy",
        "Combining Operator": "Any Of",
        "Field Values": "DIMMING_STRATEGY_STATE_T_DISPLAY_CENTRAL_VIRTUAL_DIMMER: 1",
        "Field Values (bitwise)": 2
    },
    {
        "Signal Name": "S:com.ampere.sdv.cockpit.hmi.display_sound_controller.DisplaySoundController.BACKLIGHT.auto_off_night_cid_brightness",
        "Specs (All Of)": null,
        "Field Name": "sdv.cockpit.hmi.backlight.conf:BacklightConfig.dimming_config.dimming_strategy",
        "Combining Operator": "Any Of",
        "Field Values": "DIMMING_STRATEGY_STATE_T_DISPLAY_CENTRAL_VIRTUAL_DIMMER: 1",
        "Field Values (bitwise)": 2
    },
    {
        "Signal Name": "S:com.ampere.sdv.cockpit.hmi.display_sound_controller.DisplaySoundController.BACKLIGHT.auto_off_night_switches_brightness",
        "Specs (All Of)": null,
        "Field Name": "sdv.cockpit.hmi.backlight.conf:BacklightConfig.dimming_config.dimming_strategy",
        "Combining Operator": "Any Of",
        "Field Values": "DIMMING_STRATEGY_STATE_T_DISPLAY_CENTRAL_VIRTUAL_DIMMER: 1",
        "Field Values (bitwise)": 2
    },
    {
        "Signal Name": "S:com.ampere.sdv.cockpit.hmi.display_sound_controller.DisplaySoundController.BACKLIGHT.auto_off_twilight_cid_brightness",
        "Specs (All Of)": null,
        "Field Name": "sdv.cockpit.hmi.backlight.conf:BacklightConfig.dimming_config.dimming_strategy",
        "Combining Operator": "Any Of",
        "Field Values": "DIMMING_STRATEGY_STATE_T_DISPLAY_CENTRAL_VIRTUAL_DIMMER: 1",
        "Field Values (bitwise)": 2
    },
    {
        "Signal Name": "S:com.ampere.sdv.cockpit.hmi.display_sound_controller.DisplaySoundController.BACKLIGHT.auto_off_twilight_switches_brightness",
        "Specs (All Of)": null,
        "Field Name": "sdv.cockpit.hmi.backlight.conf:BacklightConfig.dimming_config.dimming_strategy",
        "Combining Operator": "Any Of",
        "Field Values": "DIMMING_STRATEGY_STATE_T_DISPLAY_CENTRAL_VIRTUAL_DIMMER: 1",
        "Field Values (bitwise)": 2
    },
    {
        "Signal Name": "S:com.ampere.sdv.cockpit.hmi.display_sound_controller.DisplaySoundController.BACKLIGHT.autodimming",
        "Specs (All Of)": null,
        "Field Name": "sdv.cockpit.hmi.backlight.conf:BacklightConfig.dimming_config.auto_dimming_present",
        "Combining Operator": "None Of",
        "Field Values": "AUTODIMMING_PRESENT_STATE_T_WITHOUT_AUTODIMMING: 0",
        "Field Values (bitwise)": 1
    },
    {
        "Signal Name": "S:com.ampere.sdv.cockpit.hmi.display_sound_controller.DisplaySoundController.BACKLIGHT.ui_light_dark_theme",
        "Specs (All Of)": null,
        "Field Name": "sdv.cockpit.hmi.backlight.conf:BacklightConfig.background_config.background_mode",
        "Combining Operator": "None Of",
        "Field Values": "BACKGROUND_MODE_T_NO_CHOICES: 0",
        "Field Values (bitwise)": 1
    },
    {
        "Signal Name": "S:sdv.adas.hmi.ADAS.AccPreferredInterdistanceSelection",
        "Specs (All Of)": null,
        "Field Name": "sdv.cockpit.hmi_sdv.conf:HmiSdvConfig.adas_longitudinal_display.automatic_cruise_control_preferred_interdistance_present",
        "Combining Operator": "None Of",
        "Field Values": "FALSE: 0",
        "Field Values (bitwise)": 1
    },
    {
        "Signal Name": "S:sdv.adas.hmi.ADAS.AccSmartInderdistanceActivation",
        "Specs (All Of)": null,
        "Field Name": "sdv.cockpit.hmi_sdv.conf:HmiSdvConfig.adas_longitudinal_display.automatic_cruise_control_present",
        "Combining Operator": "None Of",
        "Field Values": "FALSE: 0",
        "Field Values (bitwise)": 1
    },
    {
        "Signal Name": "S:sdv.adas.hmi.ADAS.AebFeatureActivation",
        "Specs (All Of)": null,
        "Field Name": "hmi_config:HMI.adas.aeb",
        "Combining Operator": "None Of",
        "Field Values": "AEB_NOT_PRESENT: 0",
        "Field Values (bitwise)": 1
    },
    {
        "Signal Name": "S:sdv.adas.hmi.ADAS.AebSensitivity",
        "Specs (All Of)": null,
        "Field Name": "hmi_config:HMI.adas.aeb",
        "Combining Operator": "Any Of",
        "Field Values": "AEB_PRESENT_WITH_SENSIBILITY_SETTING: 3",
        "Field Values (bitwise)": 8
    },
    {
        "Signal Name": "S:sdv.adas.hmi.ADAS.BswFeatureActivation",
        "Specs (All Of)": null,
        "Field Name": null,
        "Combining Operator": "None Of",
        "Field Values": null,
        "Field Values (bitwise)": -1
    },
    {
        "Signal Name": "S:sdv.adas.hmi.ADAS.DwFeatureActivation",
        "Specs (All Of)": null,
        "Field Name": null,
        "Combining Operator": "None Of",
        "Field Values": null,
        "Field Values (bitwise)": -1
    },
    {
        "Signal Name": "S:sdv.adas.hmi.ADAS.DwHapticActivation",
        "Specs (All Of)": null,
        "Field Name": "sdv.cockpit.hmi_sdv.conf:HmiSdvConfig.adas_longitudinal_display.distance_warning_vibration_present",
        "Combining Operator": "None Of",
        "Field Values": "FALSE: 0",
        "Field Values (bitwise)": 1
    },
    {
        "Signal Name": "S:sdv.adas.hmi.ADAS.IsaOverspeedAlertActivation",
        "Specs (All Of)": null,
        "Field Name": "sdv.cockpit.hmi_sdv.conf:HmiSdvConfig.adas_awareness_display.intelligent_speed_assist_overspeed_sounds_present",
        "Combining Operator": "None Of",
        "Field Values": "FALSE: 0",
        "Field Values (bitwise)": 1
    },
    {
        "Signal Name": "S:sdv.adas.hmi.ADAS.IsaOverspeedAlertVibrationActivation",
        "Specs (All Of)": null,
        "Field Name": "sdv.cockpit.hmi_sdv.conf:HmiSdvConfig.adas_awareness_display.intelligent_speed_assist_overspeed_vibration_present",
        "Combining Operator": "None Of",
        "Field Values": "FALSE: 0",
        "Field Values (bitwise)": 1
    },
    {
        "Signal Name": "S:sdv.adas.hmi.ADAS.IsaSpeedChangeNotificationActivation",
        "Specs (All Of)": null,
        "Field Name": "sdv.cockpit.hmi_sdv.conf:HmiSdvConfig.adas_awareness_display.intelligent_speed_assist_notif_sound_present",
        "Combining Operator": "None Of",
        "Field Values": "FALSE: 0",
        "Field Values (bitwise)": 1
    },
    {
        "Signal Name": "S:sdv.adas.hmi.ADAS.LsElkaActivation",
        "Specs (All Of)": null,
        "Field Name": "hmi_config:HMI.adas.elka",
        "Combining Operator": "None Of",
        "Field Values": "ELKA_NOT_PRESENT: 0",
        "Field Values (bitwise)": 1
    },
    {
        "Signal Name": "S:sdv.adas.hmi.ADAS.LsHapticSteeringLevel",
        "Specs (All Of)": null,
        "Field Name": "sdv.cockpit.hmi_sdv.conf:HmiSdvConfig.adas_lateral_display.lane_system_vibration_present",
        "Combining Operator": "None Of",
        "Field Values": "FALSE: 0",
        "Field Values (bitwise)": 1
    },
    {
        "Signal Name": "S:sdv.adas.hmi.ADAS.LsLdwActivation",
        "Specs (All Of)": null,
        "Field Name": "sdv.cockpit.hmi_sdv.conf:HmiSdvConfig.adas_lateral_display.lane_support_lane_departure_warning_present",
        "Combining Operator": "None Of",
        "Field Values": "FALSE: 0",
        "Field Values (bitwise)": 1
    },
    {
        "Signal Name": "S:sdv.adas.hmi.ADAS.LsLkaActivation",
        "Specs (All Of)": null,
        "Field Name": "hmi_config:HMI.adas.lka",
        "Combining Operator": "None Of",
        "Field Values": "LKA_NOT_PRESENT: 0",
        "Field Values (bitwise)": 1
    },
    {
        "Signal Name": "S:sdv.adas.hmi.ADAS.LsSensitivity",
        "Specs (All Of)": null,
        "Field Name": "sdv.cockpit.hmi_sdv.conf:HmiSdvConfig.adas_lateral_display.lane_system_sensitivity_present",
        "Combining Operator": "None Of",
        "Field Values": "FALSE: 0",
        "Field Values (bitwise)": 1
    },
    {
        "Signal Name": "S:sdv.adas.hmi.ADAS.OmsDistractionActivation",
        "Specs (All Of)": null,
        "Field Name": "sdv.cockpit.hmi_sdv.conf:HmiSdvConfig.adas_awareness_display.occupant_monitoring_system_present",
        "Combining Operator": "None Of",
        "Field Values": "FALSE: 0",
        "Field Values (bitwise)": 1
    },
    {
        "Signal Name": "S:sdv.adas.hmi.ADAS.OmsFatigueActivation",
        "Specs (All Of)": null,
        "Field Name": "sdv.cockpit.hmi_sdv.conf:HmiSdvConfig.adas_awareness_display.occupant_monitoring_system_present",
        "Combining Operator": "None Of",
        "Field Values": "FALSE: 0",
        "Field Values (bitwise)": 1
    },
    {
        "Signal Name": "S:sdv.adas.hmi.ADAS.OseFeatureActivation",
        "Specs (All Of)": null,
        "Field Name": "hmi_config:HMI.adas.ose",
        "Combining Operator": "None Of",
        "Field Values": "OSE_NOT_PRESENT: 0",
        "Field Values (bitwise)": 1
    },
    {
        "Signal Name": "S:sdv.adas.hmi.ADAS.RaebFeatureActivation",
        "Specs (All Of)": null,
        "Field Name": "sdv.cockpit.hmi_sdv.conf:HmiSdvConfig.adas_parking_display.low_speed_braking",
        "Combining Operator": "Any Of",
        "Field Values": "LOW_SPEED_BRAKING_RAEB_PRESENT: 0\nLOW_SPEED_BRAKING_RCTB_PRESENT: 1",
        "Field Values (bitwise)": 3
    },
    {
        "Signal Name": "S:sdv.adas.hmi.ADAS.RctaFeatureActivation",
        "Specs (All Of)": null,
        "Field Name": null,
        "Combining Operator": "None Of",
        "Field Values": null,
        "Field Values (bitwise)": -1
    },
    {
        "Signal Name": "S:sdv.adas.hmi.ADAS.SLAutoFeatureActivation",
        "Specs (All Of)": null,
        "Field Name": "hmi_config:HMI.adas2.cfg_adas_slauto",
        "Combining Operator": "None Of",
        "Field Values": "SLAUTO_NOT_PRESENT: 0",
        "Field Values (bitwise)": 1
    },
    {
        "Signal Name": "S:sdv.adas.hmi.ADAS.UpaFkpActivation",
        "Specs (All Of)": null,
        "Field Name": "hmi_config:HMI.adas.fkp",
        "Combining Operator": "None Of",
        "Field Values": "FKP_NOT_PRESENT: 0",
        "Field Values (bitwise)": 1
    },
    {
        "Signal Name": "S:sdv.adas.hmi.ADAS.UpaFrontActivation",
        "Specs (All Of)": null,
        "Field Name": "sdv.cockpit.hmi_sdv.conf:HmiSdvConfig.adas_parking_display.ultrasonic_park_assist_front_present",
        "Combining Operator": "None Of",
        "Field Values": "FALSE: 0",
        "Field Values (bitwise)": 1
    },
    {
        "Signal Name": "S:sdv.adas.hmi.ADAS.UpaRearActivation",
        "Specs (All Of)": null,
        "Field Name": "sdv.cockpit.hmi_sdv.conf:HmiSdvConfig.adas_parking_display.ultrasonic_park_assist_rear_present",
        "Combining Operator": "None Of",
        "Field Values": "FALSE: 0",
        "Field Values (bitwise)": 1
    },
    {
        "Signal Name": "S:sdv.chassis.user_settings.CHASSIS.AutoHoldActivationSetting",
        "Specs (All Of)": null,
        "Field Name": "sdv.cockpit.hmi_sdv.conf:HmiSdvConfig.general.auto_hold",
        "Combining Operator": "None Of",
        "Field Values": "FALSE: 0",
        "Field Values (bitwise)": 1
    },
    {
        "Signal Name": "S:sdv.chassis.user_settings.CHASSIS.ColdWeatherModeActivationSetting",
        "Specs (All Of)": null,
        "Field Name": "sdv.cockpit.hmi_sdv.conf:HmiSdvConfig.general.cold_weather",
        "Combining Operator": "None Of",
        "Field Values": "FALSE: 0",
        "Field Values (bitwise)": 1
    },
    {
        "Signal Name": "S:sdv.chassis.user_settings.CHASSIS.OnePedalActivationSetting",
        "Specs (All Of)": null,
        "Field Name": "sdv.cockpit.hmi_sdv.conf:HmiSdvConfig.gear_box.one_pedal_setting_displayed",
        "Combining Operator": "None Of",
        "Field Values": "FALSE: 0",
        "Field Values (bitwise)": 1
    },
    {
        "Signal Name": "S:sdv.cockpit.display_control.HAR.WelcomeSequenceSoundActivation",
        "Specs (All Of)": null,
        "Field Name": "sdv.cockpit.hmi_sdv.conf:HmiSdvConfig.welcome_sequence.welcome_sequence",
        "Combining Operator": "None Of",
        "Field Values": "NO_WELCOME_SEQUENCE: 0",
        "Field Values (bitwise)": 1
    },
    {
        "Signal Name": "S:sdv.cockpit.display_control.HARAudio.BlinkersSoundsVolume",
        "Specs (All Of)": null,
        "Field Name": "hmi_config:HMI.vision.mpu_flashersvolumeselection",
        "Combining Operator": "None Of",
        "Field Values": "FLASHERS_VOLUME_SELECTION_NOT_PRESENT: 0",
        "Field Values (bitwise)": 1
    },
    {
        "Signal Name": "S:sdv.cockpit.display_control.HARAudio.UpaFkpSoundVolume",
        "Specs (All Of)": null,
        "Field Name": "sdv.cockpit.hmi_sdv.conf:HmiSdvConfig.adas_parking_display.ultrasonic_park_assist_sound_volume_present",
        "Combining Operator": "None Of",
        "Field Values": "FALSE: 0",
        "Field Values (bitwise)": 1
    },
    {
        "Signal Name": "S:sdv.cockpit.display_control.HARAudio.UpaFkpTmpMuteActivation",
        "Specs (All Of)": null,
        "Field Name": "sdv.cockpit.hmi_sdv.conf:HmiSdvConfig.adas_parking_display.ultrasonic_park_assist_sound_volume_present",
        "Combining Operator": "None Of",
        "Field Values": "FALSE: 0",
        "Field Values (bitwise)": 1
    },
    {
        "Signal Name": "S:sdv.cockpit.user_settings.CUSTOM_SHIELD.IsaOverspeedAlertActivation",
        "Specs (All Of)": null,
        "Field Name": "sdv.cockpit.hmi.switches.custom_shield.conf:CustomShieldConfig.custom_shield_state.state",
        "Combining Operator": "None Of",
        "Field Values": "STATE_T_CS_ABSENT: 0",
        "Field Values (bitwise)": 1
    },
    {
        "Signal Name": "S:sdv.cockpit.user_settings.CUSTOM_SHIELD.LsElkaActivation",
        "Specs (All Of)": null,
        "Field Name": "sdv.cockpit.hmi.switches.custom_shield.conf:CustomShieldConfig.custom_shield_state.state",
        "Combining Operator": "None Of",
        "Field Values": "STATE_T_CS_ABSENT: 0",
        "Field Values (bitwise)": 1
    },
    {
        "Signal Name": "S:sdv.cockpit.user_settings.CUSTOM_SHIELD.LsLdwActivation",
        "Specs (All Of)": null,
        "Field Name": "sdv.cockpit.hmi.switches.custom_shield.conf:CustomShieldConfig.custom_shield_state.state",
        "Combining Operator": "None Of",
        "Field Values": "STATE_T_CS_ABSENT: 0",
        "Field Values (bitwise)": 1
    },
    {
        "Signal Name": "S:sdv.cockpit.user_settings.CUSTOM_SHIELD.LsLkaActivation",
        "Specs (All Of)": null,
        "Field Name": "sdv.cockpit.hmi.switches.custom_shield.conf:CustomShieldConfig.custom_shield_state.state",
        "Combining Operator": "None Of",
        "Field Values": "STATE_T_CS_ABSENT: 0",
        "Field Values (bitwise)": 1
    },
    {
        "Signal Name": "S:sdv.cockpit.user_settings.CUSTOM_SHIELD.OmsDistractionActivation",
        "Specs (All Of)": null,
        "Field Name": "sdv.cockpit.hmi.switches.custom_shield.conf:CustomShieldConfig.custom_shield_state.state",
        "Combining Operator": "None Of",
        "Field Values": "STATE_T_CS_ABSENT: 0",
        "Field Values (bitwise)": 1
    },
    {
        "Signal Name": "S:sdv.cockpit.user_settings.CUSTOM_SHIELD.OmsFatigueActivation",
        "Specs (All Of)": null,
        "Field Name": "sdv.cockpit.hmi.switches.custom_shield.conf:CustomShieldConfig.custom_shield_state.state",
        "Combining Operator": "None Of",
        "Field Values": "STATE_T_CS_ABSENT: 0",
        "Field Values (bitwise)": 1
    },
    {
        "Signal Name": "S:sdv.cockpit.user_settings.CUSTOM_SHIELD.RaebFeatureActivation",
        "Specs (All Of)": null,
        "Field Name": "sdv.cockpit.hmi.switches.custom_shield.conf:CustomShieldConfig.custom_shield_state.state",
        "Combining Operator": "None Of",
        "Field Values": "STATE_T_CS_ABSENT: 0",
        "Field Values (bitwise)": 1
    },
    {
        "Signal Name": "S:sdv.cockpit.user_settings.WCBS.state",
        "Specs (All Of)": null,
        "Field Name": "sdv.cockpit.hmi_sdv.conf:HmiSdvConfig.general.wireless_charge_base_station_enable",
        "Combining Operator": "None Of",
        "Field Values": "FALSE: 0",
        "Field Values (bitwise)": 1
    },
    {
        "Signal Name": "T:sdv.adas.hmi.LanePositioningApplicationState.GLOBAL.lane_positioning_application_state.line_monitoring",
        "Specs (All Of)": null,
        "Field Name": "sdv.cockpit.hmi_sdv.conf:HmiSdvConfig.adas_lateral_display.lane_support_lane_departure_warning_present",
        "Combining Operator": "None Of",
        "Field Values": "FALSE: 0",
        "Field Values (bitwise)": 1
    },
    {
        "Signal Name": "T:sdv.body.access.alert.WalDisturberRequest.GLOBAL.wal_disturber_request",
        "Specs (All Of)": null,
        "Field Name": "hmi_config:HMI.bodyequipment.cf_mpu_accessmode",
        "Combining Operator": "Any Of",
        "Field Values": "LCV_IKEY_MODE_NOT_PRESENT: 0",
        "Field Values (bitwise)": 1
    },
    {
        "Signal Name": "T:sdv.body.climate.air_quality.MistingStatus.GLOBAL.misting_risk",
        "Specs (All Of)": null,
        "Field Name": null,
        "Combining Operator": "None Of",
        "Field Values": null,
        "Field Values (bitwise)": -1
    },
    {
        "Signal Name": "T:sdv.body.climate.environment.IoCabinTemperature.GLOBAL.temperature",
        "Specs (All Of)": null,
        "Field Name": "sdv.cockpit.hmi.climate.conf:HmiClimateConfig.climate_control.clim_type",
        "Combining Operator": "None Of",
        "Field Values": "UNAVAILABLE: 0",
        "Field Values (bitwise)": 1
    },
    {
        "Signal Name": "T:sdv.body.climate.hmi.display.ExternalAirPollution.GLOBAL.status",
        "Specs (All Of)": null,
        "Field Name": null,
        "Combining Operator": "Any Of",
        "Field Values": null,
        "Field Values (bitwise)": 0
    },
    {
        "Signal Name": "T:sdv.body.climate.hmi.display.Ionization.GLOBAL.status",
        "Specs (All Of)": null,
        "Field Name": null,
        "Combining Operator": "Any Of",
        "Field Values": null,
        "Field Values (bitwise)": 0
    },
    {
        "Signal Name": "T:sdv.body.climate.hmi.display.MultiMode.GLOBAL.status",
        "Specs (All Of)": null,
        "Field Name": "sdv.cockpit.hmi.climate.conf:HmiClimateConfig.climate_control.clim_eco",
        "Combining Operator": "None Of",
        "Field Values": null,
        "Field Values (bitwise)": 4
    },
    {
        "Signal Name": "T:sdv.body.climate.hmi.display.SteeringWheelHeaterAuto.GLOBAL.status",
        "Specs (All Of)": null,
        "Field Name": null,
        "Combining Operator": "Any Of",
        "Field Values": null,
        "Field Values (bitwise)": 0
    },
    {
        "Signal Name": "T:sdv.body.occupant_protection.seat_belt.BuckleSwitchStatus.GLOBAL.passenger.status",
        "Specs (All Of)": null,
        "Field Name": "nissan_vehicle_information_config:NISSAN_VEHICLE_INFORMATION.seat.row1p",
        "Combining Operator": "None Of",
        "Field Values": "ROW1P_SEAT_NOT_AVAILABLE: 0",
        "Field Values (bitwise)": 1
    },
    {
        "Signal Name": "T:sdv.body.occupant_protection.seat_belt.BuckleSwitchStatus.GLOBAL.row1_center.status",
        "Specs (All Of)": null,
        "Field Name": "nissan_vehicle_information_config:NISSAN_VEHICLE_INFORMATION.seat.row1centre",
        "Combining Operator": "None Of",
        "Field Values": "ROW1CENTRE_SEAT_NOT_AVAILABLE: 0",
        "Field Values (bitwise)": 1
    },
    {
        "Signal Name": "T:sdv.body.occupant_protection.seat_belt.BuckleSwitchStatus.GLOBAL.row2_center.status",
        "Specs (All Of)": null,
        "Field Name": "nissan_vehicle_information_config:NISSAN_VEHICLE_INFORMATION.seat.row2centre",
        "Combining Operator": "None Of",
        "Field Values": "ROW2CENTRE_SEAT_NOT_AVAILABLE: 0",
        "Field Values (bitwise)": 1
    },
    {
        "Signal Name": "T:sdv.body.occupant_protection.seat_belt.BuckleSwitchStatus.GLOBAL.row2_left.status",
        "Specs (All Of)": null,
        "Field Name": "nissan_vehicle_information_config:NISSAN_VEHICLE_INFORMATION.seat.row2left",
        "Combining Operator": "None Of",
        "Field Values": "ROW2LEFT_SEAT_NOT_AVAILABLE: 0",
        "Field Values (bitwise)": 1
    },
    {
        "Signal Name": "T:sdv.body.occupant_protection.seat_belt.BuckleSwitchStatus.GLOBAL.row2_right.status",
        "Specs (All Of)": null,
        "Field Name": "nissan_vehicle_information_config:NISSAN_VEHICLE_INFORMATION.seat.row2right",
        "Combining Operator": "None Of",
        "Field Values": "ROW2RIGHT_SEAT_NOT_AVAILABLE: 0",
        "Field Values (bitwise)": 1
    },
    {
        "Signal Name": "T:sdv.body.occupant_protection.seat_belt.BuckleSwitchStatus.GLOBAL.row3_center.status",
        "Specs (All Of)": null,
        "Field Name": "nissan_vehicle_information_config:NISSAN_VEHICLE_INFORMATION.seat.row3centre",
        "Combining Operator": "None Of",
        "Field Values": "ROW3CENTRE_SEAT_NOT_AVAILABLE: 0",
        "Field Values (bitwise)": 1
    },
    {
        "Signal Name": "T:sdv.body.occupant_protection.seat_belt.BuckleSwitchStatus.GLOBAL.row3_left.status",
        "Specs (All Of)": null,
        "Field Name": "nissan_vehicle_information_config:NISSAN_VEHICLE_INFORMATION.seat.row3left",
        "Combining Operator": "None Of",
        "Field Values": "ROW3LEFT_SEAT_NOT_AVAILABLE: 0",
        "Field Values (bitwise)": 1
    },
    {
        "Signal Name": "T:sdv.body.occupant_protection.seat_belt.BuckleSwitchStatus.GLOBAL.row3_right.status",
        "Specs (All Of)": null,
        "Field Name": "nissan_vehicle_information_config:NISSAN_VEHICLE_INFORMATION.seat.row1p",
        "Combining Operator": "None Of",
        "Field Values": "ROW1P_SEAT_NOT_AVAILABLE: 0",
        "Field Values (bitwise)": 1
    },
    {
        "Signal Name": "T:sdv.body.occupant_protection.seat_sensors.SeatBeltSensor.SEAT_POSITION_ROW1_CENTER.occupant_presence_state",
        "Specs (All Of)": null,
        "Field Name": "nissan_vehicle_information_config:NISSAN_VEHICLE_INFORMATION.seat.row1centre",
        "Combining Operator": "None Of",
        "Field Values": "ROW1CENTRE_SEAT_NOT_AVAILABLE: 0",
        "Field Values (bitwise)": 1
    },
    {
        "Signal Name": "T:sdv.body.occupant_protection.seat_sensors.SeatBeltSensor.SEAT_POSITION_ROW1_LEFT.occupant_presence_state",
        "Specs (All Of)": "SteeringRight",
        "Field Name": "nissan_vehicle_information_config:NISSAN_VEHICLE_INFORMATION.seat.row1p",
        "Combining Operator": "None Of",
        "Field Values": "ROW1P_SEAT_NOT_AVAILABLE: 0",
        "Field Values (bitwise)": 1
    },
    {
        "Signal Name": "T:sdv.body.occupant_protection.seat_sensors.SeatBeltSensor.SEAT_POSITION_ROW1_RIGHT.occupant_presence_state",
        "Specs (All Of)": "SteeringLeft",
        "Field Name": "nissan_vehicle_information_config:NISSAN_VEHICLE_INFORMATION.seat.row1p",
        "Combining Operator": "None Of",
        "Field Values": "ROW1P_SEAT_NOT_AVAILABLE: 0",
        "Field Values (bitwise)": 1
    },
    {
        "Signal Name": "T:sdv.body.occupant_protection.seat_sensors.SeatBeltSensor.SEAT_POSITION_ROW2_CENTER.occupant_presence_state",
        "Specs (All Of)": null,
        "Field Name": "nissan_vehicle_information_config:NISSAN_VEHICLE_INFORMATION.seat.row2centre",
        "Combining Operator": "None Of",
        "Field Values": "ROW2CENTRE_SEAT_NOT_AVAILABLE: 0",
        "Field Values (bitwise)": 1
    },
    {
        "Signal Name": "T:sdv.body.occupant_protection.seat_sensors.SeatBeltSensor.SEAT_POSITION_ROW2_LEFT.occupant_presence_state",
        "Specs (All Of)": null,
        "Field Name": "nissan_vehicle_information_config:NISSAN_VEHICLE_INFORMATION.seat.row2left",
        "Combining Operator": "None Of",
        "Field Values": "ROW2LEFT_SEAT_NOT_AVAILABLE: 0",
        "Field Values (bitwise)": 1
    },
    {
        "Signal Name": "T:sdv.body.occupant_protection.seat_sensors.SeatBeltSensor.SEAT_POSITION_ROW2_RIGHT.occupant_presence_state",
        "Specs (All Of)": null,
        "Field Name": "nissan_vehicle_information_config:NISSAN_VEHICLE_INFORMATION.seat.row2right",
        "Combining Operator": "None Of",
        "Field Values": "ROW2RIGHT_SEAT_NOT_AVAILABLE: 0",
        "Field Values (bitwise)": 1
    },
    {
        "Signal Name": "T:sdv.body.occupant_protection.seat_sensors.SeatBeltSensor.SEAT_POSITION_ROW3_CENTER.occupant_presence_state",
        "Specs (All Of)": null,
        "Field Name": "nissan_vehicle_information_config:NISSAN_VEHICLE_INFORMATION.seat.row3centre",
        "Combining Operator": "None Of",
        "Field Values": "ROW3CENTRE_SEAT_NOT_AVAILABLE: 0",
        "Field Values (bitwise)": 1
    },
    {
        "Signal Name": "T:sdv.body.occupant_protection.seat_sensors.SeatBeltSensor.SEAT_POSITION_ROW3_LEFT.occupant_presence_state",
        "Specs (All Of)": null,
        "Field Name": "nissan_vehicle_information_config:NISSAN_VEHICLE_INFORMATION.seat.row3left",
        "Combining Operator": "None Of",
        "Field Values": "ROW3LEFT_SEAT_NOT_AVAILABLE: 0",
        "Field Values (bitwise)": 1
    },
    {
        "Signal Name": "T:sdv.body.occupant_protection.seat_sensors.SeatBeltSensor.SEAT_POSITION_ROW3_RIGHT.occupant_presence_state",
        "Specs (All Of)": null,
        "Field Name": "nissan_vehicle_information_config:NISSAN_VEHICLE_INFORMATION.seat.row3right",
        "Combining Operator": "None Of",
        "Field Values": "ROW3RIGHT_SEAT_NOT_AVAILABLE: 0",
        "Field Values (bitwise)": 1
    },
    {
        "Signal Name": "T:sdv.body.user_settings.AccessSilentModeState.GLOBAL.silent_mode_status",
        "Specs (All Of)": null,
        "Field Name": "hmi_config:HMI.access.mpu_wac_silentmode",
        "Combining Operator": "None Of",
        "Field Values": "WAC_SILENT_MODE_NOT_PRESENT: 0",
        "Field Values (bitwise)": 1
    },
    {
        "Signal Name": "T:sdv.body.user_settings.AlarmHmiActivationState.GLOBAL.alarm_hmi_activation_status",
        "Specs (All Of)": null,
        "Field Name": "hmi_config:HMI.access.mpu_volumalarm",
        "Combining Operator": "None Of",
        "Field Values": "VOLUMALARM_NOT_PRESENT: 0",
        "Field Values (bitwise)": 1
    },
    {
        "Signal Name": "T:sdv.body.user_settings.AudioSignalingSettings.GLOBAL.sound_settings.vsp_sound",
        "Specs (All Of)": null,
        "Field Name": "audio_config:AudioConfig.vsp.vsp_feature",
        "Combining Operator": "None Of",
        "Field Values": "VSP_FEATURE_T_NOT_PRESENT: 0",
        "Field Values (bitwise)": 1
    },
    {
        "Signal Name": "T:sdv.body.user_settings.DoorsSingleDoorUnlockState.GLOBAL.single_door_unlock_status",
        "Specs (All Of)": null,
        "Field Name": "hmi_config:HMI.access.mpu_singledooropening",
        "Combining Operator": "None Of",
        "Field Values": "SINGLE_DOOR_OPENING_NOT_PRESENT: 0",
        "Field Values (bitwise)": 1
    },
    {
        "Signal Name": "T:sdv.body.user_settings.FrontWiperState.GLOBAL.front_wiper_auto_status",
        "Specs (All Of)": null,
        "Field Name": "sdv.cockpit.hmi_sdv.conf:HmiSdvConfig.ebody.front_wiper_service_setting_displayed",
        "Combining Operator": "None Of",
        "Field Values": "FALSE: 0",
        "Field Values (bitwise)": 1
    },
    {
        "Signal Name": "T:sdv.body.user_settings.FrontWiperState.GLOBAL.front_wiper_serv_pos_status",
        "Specs (All Of)": null,
        "Field Name": "sdv.cockpit.hmi_sdv.conf:HmiSdvConfig.ebody.front_wiper_service_setting_displayed",
        "Combining Operator": "None Of",
        "Field Values": "FALSE: 0",
        "Field Values (bitwise)": 1
    },
    {
        "Signal Name": "T:sdv.body.user_settings.HandfreeAccessActivation.GLOBAL.handfree_activation_status",
        "Specs (All Of)": null,
        "Field Name": "hmi_config:HMI.bodyequipment.cf_mpu_accessmode",
        "Combining Operator": "None Of",
        "Field Values": "LCV_IKEY_MODE_NOT_PRESENT: 0",
        "Field Values (bitwise)": 1
    },
    {
        "Signal Name": "T:sdv.body.user_settings.InternalLightsState.GLOBAL.internal_lights_virtual_status.cockpit",
        "Specs (All Of)": null,
        "Field Name": "sdv.cockpit.hmi_sdv.conf:HmiSdvConfig.ebody.cockpit_lights_setting_displayed",
        "Combining Operator": "None Of",
        "Field Values": "FALSE: 0",
        "Field Values (bitwise)": 1
    },
    {
        "Signal Name": "T:sdv.body.user_settings.RearWiperState.GLOBAL.rear_wiper_auto_status",
        "Specs (All Of)": null,
        "Field Name": null,
        "Combining Operator": "Any Of",
        "Field Values": null,
        "Field Values (bitwise)": 0
    },
    {
        "Signal Name": "T:sdv.body.user_settings.RequestAlarmHmi.GLOBAL.alarm_hmi_request",
        "Specs (All Of)": null,
        "Field Name": "hmi_config:HMI.access.mpu_volumalarm",
        "Combining Operator": "None Of",
        "Field Values": "VOLUMALARM_NOT_PRESENT: 0",
        "Field Values (bitwise)": 1
    },
    {
        "Signal Name": "T:sdv.body.user_settings.RequestAudioSignaling.GLOBAL.sound.vsp_sound",
        "Specs (All Of)": null,
        "Field Name": "audio_config:AudioConfig.vsp.vsp_feature",
        "Combining Operator": "None Of",
        "Field Values": "VSP_FEATURE_T_NOT_PRESENT: 0",
        "Field Values (bitwise)": 1
    },
    {
        "Signal Name": "T:sdv.body.user_settings.RequestDoorsSdu.GLOBAL.doors_sdu_req",
        "Specs (All Of)": null,
        "Field Name": "hmi_config:HMI.access.mpu_singledooropening",
        "Combining Operator": "None Of",
        "Field Values": "SINGLE_DOOR_OPENING_NOT_PRESENT: 0",
        "Field Values (bitwise)": 1
    },
    {
        "Signal Name": "T:sdv.body.user_settings.RequestFrontWiping.GLOBAL.front_wiper_auto_req",
        "Specs (All Of)": null,
        "Field Name": "sdv.cockpit.hmi_sdv.conf:HmiSdvConfig.ebody.front_wiper_service_setting_displayed",
        "Combining Operator": "None Of",
        "Field Values": "FALSE: 0",
        "Field Values (bitwise)": 1
    },
    {
        "Signal Name": "T:sdv.body.user_settings.RequestFrontWiping.GLOBAL.front_wiper_serv_pos_req",
        "Specs (All Of)": null,
        "Field Name": "sdv.cockpit.hmi_sdv.conf:HmiSdvConfig.ebody.front_wiper_service_setting_displayed",
        "Combining Operator": "None Of",
        "Field Values": "FALSE: 0",
        "Field Values (bitwise)": 1
    },
    {
        "Signal Name": "T:sdv.body.user_settings.RequestHandfreeActivation.GLOBAL.handfree_activation_request",
        "Specs (All Of)": null,
        "Field Name": "hmi_config:HMI.bodyequipment.cf_mpu_accessmode",
        "Combining Operator": "None Of",
        "Field Values": "LCV_IKEY_MODE_NOT_PRESENT: 0",
        "Field Values (bitwise)": 1
    },
    {
        "Signal Name": "T:sdv.body.user_settings.RequestInternalLights.GLOBAL.internal_lights_virtual_req.cockpit",
        "Specs (All Of)": null,
        "Field Name": "sdv.cockpit.hmi_sdv.conf:HmiSdvConfig.ebody.cockpit_lights_setting_displayed",
        "Combining Operator": "None Of",
        "Field Values": "FALSE: 0",
        "Field Values (bitwise)": 1
    },
    {
        "Signal Name": "T:sdv.body.user_settings.RequestRearWiping.GLOBAL.rear_wiper_auto_req",
        "Specs (All Of)": null,
        "Field Name": null,
        "Combining Operator": "Any Of",
        "Field Values": null,
        "Field Values (bitwise)": 0
    },
    {
        "Signal Name": "T:sdv.body.user_settings.RequestWal.GLOBAL.wal_silent_mode_request",
        "Specs (All Of)": null,
        "Field Name": "hmi_config:HMI.access.mpu_wac_silentmode",
        "Combining Operator": "None Of",
        "Field Values": "WAC_SILENT_MODE_NOT_PRESENT: 0",
        "Field Values (bitwise)": 1
    },
    {
        "Signal Name": "T:sdv.chassis.parking_brake.cold_weather_mode.ModeAuthorized.GLOBAL.value",
        "Specs (All Of)": null,
        "Field Name": "sdv.cockpit.hmi_sdv.conf:HmiSdvConfig.general.cold_weather",
        "Combining Operator": "None Of",
        "Field Values": "FALSE: 0",
        "Field Values (bitwise)": 1
    },
    {
        "Signal Name": "T:sdv.chassis.parking_brake.tow_mode.ActivationRequest.GLOBAL.value",
        "Specs (All Of)": null,
        "Field Name": "sdv.cockpit.hmi_sdv.conf:HmiSdvConfig.general.tow_mode",
        "Combining Operator": "None Of",
        "Field Values": "FALSE: 0",
        "Field Values (bitwise)": 1
    },
    {
        "Signal Name": "T:sdv.chassis.parking_brake.tow_mode.ActivationState.GLOBAL.value",
        "Specs (All Of)": null,
        "Field Name": "sdv.cockpit.hmi_sdv.conf:HmiSdvConfig.general.tow_mode",
        "Combining Operator": "None Of",
        "Field Values": "FALSE: 0",
        "Field Values (bitwise)": 1
    },
    {
        "Signal Name": "T:sdv.chassis.tire.Pressure.FRONT_LEFT_TIRE.value",
        "Specs (All Of)": null,
        "Field Name": "hmi_config:HMI.tpms.tpmsmmi",
        "Combining Operator": "Any Of",
        "Field Values": "TPW_IS_NOT_PRESENT_AND_TPMS_IS_PRESENT: 1",
        "Field Values (bitwise)": 2
    },
    {
        "Signal Name": "T:sdv.chassis.tire.Pressure.FRONT_RIGHT_TIRE.value",
        "Specs (All Of)": null,
        "Field Name": "hmi_config:HMI.tpms.tpmsmmi",
        "Combining Operator": "Any Of",
        "Field Values": "TPW_IS_NOT_PRESENT_AND_TPMS_IS_PRESENT: 1",
        "Field Values (bitwise)": 2
    },
    {
        "Signal Name": "T:sdv.chassis.tire.Pressure.REAR_LEFT_TIRE.value",
        "Specs (All Of)": null,
        "Field Name": "hmi_config:HMI.tpms.tpmsmmi",
        "Combining Operator": "Any Of",
        "Field Values": "TPW_IS_NOT_PRESENT_AND_TPMS_IS_PRESENT: 1",
        "Field Values (bitwise)": 2
    },
    {
        "Signal Name": "T:sdv.chassis.tire.Pressure.REAR_RIGHT_TIRE.value",
        "Specs (All Of)": null,
        "Field Name": "hmi_config:HMI.tpms.tpmsmmi",
        "Combining Operator": "Any Of",
        "Field Values": "TPW_IS_NOT_PRESENT_AND_TPMS_IS_PRESENT: 1",
        "Field Values (bitwise)": 2
    },
    {
        "Signal Name": "T:sdv.cockpit.hmi.switches.cdc.AndroidHwKeyInput.GLOBAL.input_action",
        "Specs (All Of)": null,
        "Field Name": null,
        "Combining Operator": "None Of",
        "Field Values": null,
        "Field Values (bitwise)": -1
    },
    {
        "Signal Name": "T:sdv.cockpit.hmi.switches.cdc.AndroidHwKeyInput.GLOBAL.key_code_id",
        "Specs (All Of)": null,
        "Field Name": null,
        "Combining Operator": "None Of",
        "Field Values": null,
        "Field Values (bitwise)": -1
    },
    {
        "Signal Name": "T:sdv.cockpit.hmi.switches.hvac.display.AirFlowDistribution.GLOBAL.status",
        "Specs (All Of)": null,
        "Field Name": "sdv.cockpit.hmi.climate.conf:HmiClimateConfig.climate_control.clim_type",
        "Combining Operator": "None Of",
        "Field Values": "UNAVAILABLE: 0",
        "Field Values (bitwise)": 1
    },
    {
        "Signal Name": "T:sdv.cockpit.hmi.switches.hvac.display.AirFlowRate.FRONT.status",
        "Specs (All Of)": null,
        "Field Name": "sdv.cockpit.hmi.climate.conf:HmiClimateConfig.climate_control.clim_type",
        "Combining Operator": "None Of",
        "Field Values": "UNAVAILABLE: 0",
        "Field Values (bitwise)": 1
    },
    {
        "Signal Name": "T:sdv.cockpit.hmi.switches.hvac.display.Defroster.FRONT_WINDOW.status",
        "Specs (All Of)": null,
        "Field Name": "sdv.cockpit.hmi.climate.conf:HmiClimateConfig.climate_control.front_defroster",
        "Combining Operator": "None Of",
        "Field Values": "FALSE: 0",
        "Field Values (bitwise)": 1
    },
    {
        "Signal Name": "T:sdv.cockpit.hmi.switches.hvac.display.Defroster.MIRROR.status",
        "Specs (All Of)": null,
        "Field Name": "sdv.cockpit.hmi.climate.conf:HmiClimateConfig.climate_control.clim_type",
        "Combining Operator": "None Of",
        "Field Values": "UNAVAILABLE: 0",
        "Field Values (bitwise)": 1
    },
    {
        "Signal Name": "T:sdv.cockpit.hmi.switches.hvac.display.Defroster.REAR_WINDOW.status",
        "Specs (All Of)": null,
        "Field Name": "sdv.cockpit.hmi.climate.conf:HmiClimateConfig.climate_control.front_defroster",
        "Combining Operator": "None Of",
        "Field Values": "FALSE: 0",
        "Field Values (bitwise)": 1
    },
    {
        "Signal Name": "T:sdv.cockpit.hmi.switches.hvac.display.Deodorization.GLOBAL.status",
        "Specs (All Of)": null,
        "Field Name": "hmi_config:HMI.comfort.air_freshener",
        "Combining Operator": "None Of",
        "Field Values": "NO_AIR_FRESHENER_TO_BE_DISPLAY: 0",
        "Field Values (bitwise)": 1
    },
    {
        "Signal Name": "T:sdv.cockpit.hmi.switches.hvac.display.ModeAirConditioning.GLOBAL.status",
        "Specs (All Of)": null,
        "Field Name": "sdv.cockpit.hmi.climate.conf:HmiClimateConfig.climate_control.clim_type",
        "Combining Operator": "None Of",
        "Field Values": "UNAVAILABLE: 0",
        "Field Values (bitwise)": 1
    },
    {
        "Signal Name": "T:sdv.cockpit.hmi.switches.hvac.display.ModeAirConditioningMax.GLOBAL.status",
        "Specs (All Of)": null,
        "Field Name": "sdv.cockpit.hmi.climate.conf:HmiClimateConfig.climate_control.clim_type",
        "Combining Operator": "None Of",
        "Field Values": "UNAVAILABLE: 0",
        "Field Values (bitwise)": 1
    },
    {
        "Signal Name": "T:sdv.cockpit.hmi.switches.hvac.display.ModeAuto.FRONT.status",
        "Specs (All Of)": null,
        "Field Name": "sdv.cockpit.hmi.climate.conf:HmiClimateConfig.climate_control.clim_auto",
        "Combining Operator": "None Of",
        "Field Values": "FALSE: 0",
        "Field Values (bitwise)": 1
    },
    {
        "Signal Name": "T:sdv.cockpit.hmi.switches.hvac.display.ModeClearness.GLOBAL.status",
        "Specs (All Of)": null,
        "Field Name": "sdv.cockpit.hmi.climate.conf:HmiClimateConfig.climate_control.clim_type",
        "Combining Operator": "None Of",
        "Field Values": "UNAVAILABLE: 0",
        "Field Values (bitwise)": 1
    },
    {
        "Signal Name": "T:sdv.cockpit.hmi.switches.hvac.display.ModeOff.GLOBAL.status",
        "Specs (All Of)": null,
        "Field Name": null,
        "Combining Operator": "None Of",
        "Field Values": null,
        "Field Values (bitwise)": -1
    },
    {
        "Signal Name": "T:sdv.cockpit.hmi.switches.hvac.display.Recycling.GLOBAL.status",
        "Specs (All Of)": null,
        "Field Name": "sdv.cockpit.hmi.climate.conf:HmiClimateConfig.climate_control.clim_type",
        "Combining Operator": "None Of",
        "Field Values": "UNAVAILABLE: 0",
        "Field Values (bitwise)": 1
    },
    {
        "Signal Name": "T:sdv.cockpit.hmi.switches.hvac.display.RecyclingAuto.GLOBAL.status",
        "Specs (All Of)": null,
        "Field Name": null,
        "Combining Operator": "Any Of",
        "Field Values": null,
        "Field Values (bitwise)": 0
    },
    {
        "Signal Name": "T:sdv.cockpit.hmi.switches.hvac.display.SeatHeatCool.ROW_1_LEFT.status",
        "Specs (All Of)": "HeatedSeats",
        "Field Name": "sdv.cockpit.hmi.climate.conf:HmiClimateConfig.heat_vent_seat.front_left_seat_heat",
        "Combining Operator": "None Of",
        "Field Values": "UNAVAILABLE: 0",
        "Field Values (bitwise)": 1
    },
    {
        "Signal Name": "T:sdv.cockpit.hmi.switches.hvac.display.SeatHeatCool.ROW_1_LEFT.status",
        "Specs (All Of)": "VentilatedSeats",
        "Field Name": "sdv.cockpit.hmi.climate.conf:HmiClimateConfig.heat_vent_seat.front_left_seat_vent",
        "Combining Operator": "None Of",
        "Field Values": "UNAVAILABLE: 0",
        "Field Values (bitwise)": 1
    },
    {
        "Signal Name": "T:sdv.cockpit.hmi.switches.hvac.display.SeatHeatCool.ROW_1_RIGHT.status",
        "Specs (All Of)": "HeatedSeats",
        "Field Name": "sdv.cockpit.hmi.climate.conf:HmiClimateConfig.heat_vent_seat.front_right_seat_heat",
        "Combining Operator": "None Of",
        "Field Values": "UNAVAILABLE: 0",
        "Field Values (bitwise)": 1
    },
    {
        "Signal Name": "T:sdv.cockpit.hmi.switches.hvac.display.SeatHeatCool.ROW_1_RIGHT.status",
        "Specs (All Of)": "VentilatedSeats",
        "Field Name": "sdv.cockpit.hmi.climate.conf:HmiClimateConfig.heat_vent_seat.front_right_seat_vent",
        "Combining Operator": "None Of",
        "Field Values": "UNAVAILABLE: 0",
        "Field Values (bitwise)": 1
    },
    {
        "Signal Name": "T:sdv.cockpit.hmi.switches.hvac.display.SeatHeatCool.ROW_2_CENTER.status",
        "Specs (All Of)": "HeatedSeats",
        "Field Name": "sdv.cockpit.hmi.climate.conf:HmiClimateConfig.heat_vent_seat.rear_middle_seat_heat",
        "Combining Operator": "None Of",
        "Field Values": "UNAVAILABLE: 0",
        "Field Values (bitwise)": 1
    },
    {
        "Signal Name": "T:sdv.cockpit.hmi.switches.hvac.display.SeatHeatCool.ROW_2_CENTER.status",
        "Specs (All Of)": "VentilatedSeats",
        "Field Name": "sdv.cockpit.hmi.climate.conf:HmiClimateConfig.heat_vent_seat.rear_middle_seat_vent",
        "Combining Operator": "None Of",
        "Field Values": "UNAVAILABLE: 0",
        "Field Values (bitwise)": 1
    },
    {
        "Signal Name": "T:sdv.cockpit.hmi.switches.hvac.display.SeatHeatCool.ROW_2_LEFT.status",
        "Specs (All Of)": "HeatedSeats",
        "Field Name": "sdv.cockpit.hmi.climate.conf:HmiClimateConfig.heat_vent_seat.rear_left_seat_heat",
        "Combining Operator": "None Of",
        "Field Values": "UNAVAILABLE: 0",
        "Field Values (bitwise)": 1
    },
    {
        "Signal Name": "T:sdv.cockpit.hmi.switches.hvac.display.SeatHeatCool.ROW_2_LEFT.status",
        "Specs (All Of)": "VentilatedSeats",
        "Field Name": "sdv.cockpit.hmi.climate.conf:HmiClimateConfig.heat_vent_seat.rear_left_seat_vent",
        "Combining Operator": "None Of",
        "Field Values": "UNAVAILABLE: 0",
        "Field Values (bitwise)": 1
    },
    {
        "Signal Name": "T:sdv.cockpit.hmi.switches.hvac.display.SeatHeatCool.ROW_2_RIGHT.status",
        "Specs (All Of)": "HeatedSeats",
        "Field Name": "sdv.cockpit.hmi.climate.conf:HmiClimateConfig.heat_vent_seat.rear_right_seat_heat",
        "Combining Operator": "None Of",
        "Field Values": "UNAVAILABLE: 0",
        "Field Values (bitwise)": 1
    },
    {
        "Signal Name": "T:sdv.cockpit.hmi.switches.hvac.display.SeatHeatCool.ROW_2_RIGHT.status",
        "Specs (All Of)": "VentilatedSeats",
        "Field Name": "sdv.cockpit.hmi.climate.conf:HmiClimateConfig.heat_vent_seat.rear_right_seat_vent",
        "Combining Operator": "None Of",
        "Field Values": "UNAVAILABLE: 0",
        "Field Values (bitwise)": 1
    },
    {
        "Signal Name": "T:sdv.cockpit.hmi.switches.hvac.display.SeatHeatCool.ROW_3_CENTER.status",
        "Specs (All Of)": "HeatedSeats",
        "Field Name": "sdv.cockpit.hmi.climate.conf:HmiClimateConfig.heat_vent_seat.rear_middle_seat_heat",
        "Combining Operator": "None Of",
        "Field Values": "UNAVAILABLE: 0",
        "Field Values (bitwise)": 1
    },
    {
        "Signal Name": "T:sdv.cockpit.hmi.switches.hvac.display.SeatHeatCool.ROW_3_CENTER.status",
        "Specs (All Of)": "VentilatedSeats",
        "Field Name": "sdv.cockpit.hmi.climate.conf:HmiClimateConfig.heat_vent_seat.rear_middle_seat_vent",
        "Combining Operator": "None Of",
        "Field Values": "UNAVAILABLE: 0",
        "Field Values (bitwise)": 1
    },
    {
        "Signal Name": "T:sdv.cockpit.hmi.switches.hvac.display.SeatHeatCool.ROW_3_LEFT.status",
        "Specs (All Of)": "HeatedSeats",
        "Field Name": "sdv.cockpit.hmi.climate.conf:HmiClimateConfig.heat_vent_seat.rear_left_seat_heat",
        "Combining Operator": "None Of",
        "Field Values": "UNAVAILABLE: 0",
        "Field Values (bitwise)": 1
    },
    {
        "Signal Name": "T:sdv.cockpit.hmi.switches.hvac.display.SeatHeatCool.ROW_3_LEFT.status",
        "Specs (All Of)": "VentilatedSeats",
        "Field Name": "sdv.cockpit.hmi.climate.conf:HmiClimateConfig.heat_vent_seat.rear_left_seat_vent",
        "Combining Operator": "None Of",
        "Field Values": "UNAVAILABLE: 0",
        "Field Values (bitwise)": 1
    },
    {
        "Signal Name": "T:sdv.cockpit.hmi.switches.hvac.display.SeatHeatCool.ROW_3_RIGHT.status",
        "Specs (All Of)": "HeatedSeats",
        "Field Name": "sdv.cockpit.hmi.climate.conf:HmiClimateConfig.heat_vent_seat.rear_right_seat_heat",
        "Combining Operator": "None Of",
        "Field Values": "UNAVAILABLE: 0",
        "Field Values (bitwise)": 1
    },
    {
        "Signal Name": "T:sdv.cockpit.hmi.switches.hvac.display.SeatHeatCool.ROW_3_RIGHT.status",
        "Specs (All Of)": "VentilatedSeats",
        "Field Name": "sdv.cockpit.hmi.climate.conf:HmiClimateConfig.heat_vent_seat.rear_right_seat_vent",
        "Combining Operator": "None Of",
        "Field Values": "UNAVAILABLE: 0",
        "Field Values (bitwise)": 1
    },
    {
        "Signal Name": "T:sdv.cockpit.hmi.switches.hvac.display.SteeringWheelHeater.GLOBAL.status",
        "Specs (All Of)": null,
        "Field Name": "sdv.cockpit.hmi.climate.conf:HmiClimateConfig.climate_control.steering_wheel_heat",
        "Combining Operator": "None Of",
        "Field Values": "FALSE: 0",
        "Field Values (bitwise)": 1
    },
    {
        "Signal Name": "T:sdv.cockpit.hmi.switches.hvac.display.TemperatureSet.FRONT_LEFT.status",
        "Specs (All Of)": null,
        "Field Name": "sdv.cockpit.hmi.climate.conf:HmiClimateConfig.climate_control.clim_type",
        "Combining Operator": "None Of",
        "Field Values": "UNAVAILABLE: 0",
        "Field Values (bitwise)": 1
    },
    {
        "Signal Name": "T:sdv.cockpit.hmi.switches.hvac.display.TemperatureSet.FRONT_RIGHT.status",
        "Specs (All Of)": null,
        "Field Name": "sdv.cockpit.hmi.climate.conf:HmiClimateConfig.climate_control.clim_type",
        "Combining Operator": "None Of",
        "Field Values": "UNAVAILABLE: 0",
        "Field Values (bitwise)": 1
    },
    {
        "Signal Name": "T:sdv.cockpit.hmi.switches.hvac.display.TemperatureSync.GLOBAL.status",
        "Specs (All Of)": null,
        "Field Name": null,
        "Combining Operator": "Any Of",
        "Field Values": null,
        "Field Values (bitwise)": 0
    },
    {
        "Signal Name": "T:sdv.cockpit.hmi.switches.hvac.virtual_command.AirFlowDistribution.GLOBAL.request",
        "Specs (All Of)": null,
        "Field Name": "sdv.cockpit.hmi.climate.conf:HmiClimateConfig.climate_control.clim_type",
        "Combining Operator": "None Of",
        "Field Values": "UNAVAILABLE: 0",
        "Field Values (bitwise)": 1
    },
    {
        "Signal Name": "T:sdv.cockpit.hmi.switches.hvac.virtual_command.AirFlowRate.FRONT.request",
        "Specs (All Of)": null,
        "Field Name": "sdv.cockpit.hmi.climate.conf:HmiClimateConfig.climate_control.clim_type",
        "Combining Operator": "None Of",
        "Field Values": "UNAVAILABLE: 0",
        "Field Values (bitwise)": 1
    },
    {
        "Signal Name": "T:sdv.cockpit.hmi.switches.hvac.virtual_command.Defroster.FRONT_WINDOW.request",
        "Specs (All Of)": null,
        "Field Name": "sdv.cockpit.hmi.climate.conf:HmiClimateConfig.climate_control.front_defroster",
        "Combining Operator": "None Of",
        "Field Values": "FALSE: 0",
        "Field Values (bitwise)": 1
    },
    {
        "Signal Name": "T:sdv.cockpit.hmi.switches.hvac.virtual_command.Defroster.MIRROR.request",
        "Specs (All Of)": null,
        "Field Name": "sdv.cockpit.hmi.climate.conf:HmiClimateConfig.climate_control.clim_type",
        "Combining Operator": "None Of",
        "Field Values": "UNAVAILABLE: 0",
        "Field Values (bitwise)": 1
    },
    {
        "Signal Name": "T:sdv.cockpit.hmi.switches.hvac.virtual_command.Defroster.REAR_WINDOW.request",
        "Specs (All Of)": null,
        "Field Name": "sdv.cockpit.hmi.climate.conf:HmiClimateConfig.climate_control.front_defroster",
        "Combining Operator": "None Of",
        "Field Values": "FALSE: 0",
        "Field Values (bitwise)": 1
    },
    {
        "Signal Name": "T:sdv.cockpit.hmi.switches.hvac.virtual_command.Deodorization.GLOBAL.request",
        "Specs (All Of)": null,
        "Field Name": "hmi_config:HMI.comfort.air_freshener",
        "Combining Operator": "None Of",
        "Field Values": "NO_AIR_FRESHENER_TO_BE_DISPLAY: 0",
        "Field Values (bitwise)": 1
    },
    {
        "Signal Name": "T:sdv.cockpit.hmi.switches.hvac.virtual_command.ModeAirConditioning.GLOBAL.request",
        "Specs (All Of)": null,
        "Field Name": "sdv.cockpit.hmi.climate.conf:HmiClimateConfig.climate_control.clim_type",
        "Combining Operator": "None Of",
        "Field Values": "UNAVAILABLE: 0",
        "Field Values (bitwise)": 1
    },
    {
        "Signal Name": "T:sdv.cockpit.hmi.switches.hvac.virtual_command.ModeAirConditioningMax.GLOBAL.request",
        "Specs (All Of)": null,
        "Field Name": "sdv.cockpit.hmi.climate.conf:HmiClimateConfig.climate_control.clim_type",
        "Combining Operator": "None Of",
        "Field Values": "UNAVAILABLE: 0",
        "Field Values (bitwise)": 1
    },
    {
        "Signal Name": "T:sdv.cockpit.hmi.switches.hvac.virtual_command.ModeAuto.FRONT.request",
        "Specs (All Of)": null,
        "Field Name": "sdv.cockpit.hmi.climate.conf:HmiClimateConfig.climate_control.clim_auto",
        "Combining Operator": "None Of",
        "Field Values": "FALSE: 0",
        "Field Values (bitwise)": 1
    },
    {
        "Signal Name": "T:sdv.cockpit.hmi.switches.hvac.virtual_command.ModeClearness.GLOBAL.request",
        "Specs (All Of)": null,
        "Field Name": "sdv.cockpit.hmi.climate.conf:HmiClimateConfig.climate_control.clim_type",
        "Combining Operator": "None Of",
        "Field Values": "UNAVAILABLE: 0",
        "Field Values (bitwise)": 1
    },
    {
        "Signal Name": "T:sdv.cockpit.hmi.switches.hvac.virtual_command.ModeOff.GLOBAL.request",
        "Specs (All Of)": null,
        "Field Name": null,
        "Combining Operator": "None Of",
        "Field Values": null,
        "Field Values (bitwise)": -1
    },
    {
        "Signal Name": "T:sdv.cockpit.hmi.switches.hvac.virtual_command.Recycling.GLOBAL.request",
        "Specs (All Of)": null,
        "Field Name": "sdv.cockpit.hmi.climate.conf:HmiClimateConfig.climate_control.clim_type",
        "Combining Operator": "None Of",
        "Field Values": "UNAVAILABLE: 0",
        "Field Values (bitwise)": 1
    },
    {
        "Signal Name": "T:sdv.cockpit.hmi.switches.hvac.virtual_command.RecyclingAuto.GLOBAL.request",
        "Specs (All Of)": null,
        "Field Name": null,
        "Combining Operator": "Any Of",
        "Field Values": null,
        "Field Values (bitwise)": 0
    },
    {
        "Signal Name": "T:sdv.cockpit.hmi.switches.hvac.virtual_command.SeatHeatCool.ROW_1_LEFT.request",
        "Specs (All Of)": "HeatedSeats",
        "Field Name": "sdv.cockpit.hmi.climate.conf:HmiClimateConfig.heat_vent_seat.front_left_seat_heat",
        "Combining Operator": "None Of",
        "Field Values": "UNAVAILABLE: 0",
        "Field Values (bitwise)": 1
    },
    {
        "Signal Name": "T:sdv.cockpit.hmi.switches.hvac.virtual_command.SeatHeatCool.ROW_1_LEFT.request",
        "Specs (All Of)": "VentilatedSeats",
        "Field Name": "sdv.cockpit.hmi.climate.conf:HmiClimateConfig.heat_vent_seat.front_left_seat_vent",
        "Combining Operator": "None Of",
        "Field Values": "UNAVAILABLE: 0",
        "Field Values (bitwise)": 1
    },
    {
        "Signal Name": "T:sdv.cockpit.hmi.switches.hvac.virtual_command.SeatHeatCool.ROW_1_RIGHT.request",
        "Specs (All Of)": "HeatedSeats",
        "Field Name": "sdv.cockpit.hmi.climate.conf:HmiClimateConfig.heat_vent_seat.front_right_seat_heat",
        "Combining Operator": "None Of",
        "Field Values": "UNAVAILABLE: 0",
        "Field Values (bitwise)": 1
    },
    {
        "Signal Name": "T:sdv.cockpit.hmi.switches.hvac.virtual_command.SeatHeatCool.ROW_1_RIGHT.request",
        "Specs (All Of)": "VentilatedSeats",
        "Field Name": "sdv.cockpit.hmi.climate.conf:HmiClimateConfig.heat_vent_seat.front_right_seat_vent",
        "Combining Operator": "None Of",
        "Field Values": "UNAVAILABLE: 0",
        "Field Values (bitwise)": 1
    },
    {
        "Signal Name": "T:sdv.cockpit.hmi.switches.hvac.virtual_command.SeatHeatCool.ROW_2_CENTER.request",
        "Specs (All Of)": "HeatedSeats",
        "Field Name": "sdv.cockpit.hmi.climate.conf:HmiClimateConfig.heat_vent_seat.rear_middle_seat_heat",
        "Combining Operator": "None Of",
        "Field Values": "UNAVAILABLE: 0",
        "Field Values (bitwise)": 1
    },
    {
        "Signal Name": "T:sdv.cockpit.hmi.switches.hvac.virtual_command.SeatHeatCool.ROW_2_CENTER.request",
        "Specs (All Of)": "VentilatedSeats",
        "Field Name": "sdv.cockpit.hmi.climate.conf:HmiClimateConfig.heat_vent_seat.rear_middle_seat_vent",
        "Combining Operator": "None Of",
        "Field Values": "UNAVAILABLE: 0",
        "Field Values (bitwise)": 1
    },
    {
        "Signal Name": "T:sdv.cockpit.hmi.switches.hvac.virtual_command.SeatHeatCool.ROW_2_LEFT.request",
        "Specs (All Of)": "HeatedSeats",
        "Field Name": "sdv.cockpit.hmi.climate.conf:HmiClimateConfig.heat_vent_seat.rear_left_seat_heat",
        "Combining Operator": "None Of",
        "Field Values": "UNAVAILABLE: 0",
        "Field Values (bitwise)": 1
    },
    {
        "Signal Name": "T:sdv.cockpit.hmi.switches.hvac.virtual_command.SeatHeatCool.ROW_2_LEFT.request",
        "Specs (All Of)": "VentilatedSeats",
        "Field Name": "sdv.cockpit.hmi.climate.conf:HmiClimateConfig.heat_vent_seat.rear_left_seat_vent",
        "Combining Operator": "None Of",
        "Field Values": "UNAVAILABLE: 0",
        "Field Values (bitwise)": 1
    },
    {
        "Signal Name": "T:sdv.cockpit.hmi.switches.hvac.virtual_command.SeatHeatCool.ROW_2_RIGHT.request",
        "Specs (All Of)": "HeatedSeats",
        "Field Name": "sdv.cockpit.hmi.climate.conf:HmiClimateConfig.heat_vent_seat.rear_right_seat_heat",
        "Combining Operator": "None Of",
        "Field Values": "UNAVAILABLE: 0",
        "Field Values (bitwise)": 1
    },
    {
        "Signal Name": "T:sdv.cockpit.hmi.switches.hvac.virtual_command.SeatHeatCool.ROW_2_RIGHT.request",
        "Specs (All Of)": "VentilatedSeats",
        "Field Name": "sdv.cockpit.hmi.climate.conf:HmiClimateConfig.heat_vent_seat.rear_right_seat_vent",
        "Combining Operator": "None Of",
        "Field Values": "UNAVAILABLE: 0",
        "Field Values (bitwise)": 1
    },
    {
        "Signal Name": "T:sdv.cockpit.hmi.switches.hvac.virtual_command.SeatHeatCool.ROW_3_CENTER.request",
        "Specs (All Of)": "HeatedSeats",
        "Field Name": "sdv.cockpit.hmi.climate.conf:HmiClimateConfig.heat_vent_seat.rear_middle_seat_heat",
        "Combining Operator": "None Of",
        "Field Values": "UNAVAILABLE: 0",
        "Field Values (bitwise)": 1
    },
    {
        "Signal Name": "T:sdv.cockpit.hmi.switches.hvac.virtual_command.SeatHeatCool.ROW_3_CENTER.request",
        "Specs (All Of)": "VentilatedSeats",
        "Field Name": "sdv.cockpit.hmi.climate.conf:HmiClimateConfig.heat_vent_seat.rear_middle_seat_vent",
        "Combining Operator": "None Of",
        "Field Values": "UNAVAILABLE: 0",
        "Field Values (bitwise)": 1
    },
    {
        "Signal Name": "T:sdv.cockpit.hmi.switches.hvac.virtual_command.SeatHeatCool.ROW_3_LEFT.request",
        "Specs (All Of)": "HeatedSeats",
        "Field Name": "sdv.cockpit.hmi.climate.conf:HmiClimateConfig.heat_vent_seat.rear_left_seat_heat",
        "Combining Operator": "None Of",
        "Field Values": "UNAVAILABLE: 0",
        "Field Values (bitwise)": 1
    },
    {
        "Signal Name": "T:sdv.cockpit.hmi.switches.hvac.virtual_command.SeatHeatCool.ROW_3_LEFT.request",
        "Specs (All Of)": "VentilatedSeats",
        "Field Name": "sdv.cockpit.hmi.climate.conf:HmiClimateConfig.heat_vent_seat.rear_left_seat_vent",
        "Combining Operator": "None Of",
        "Field Values": "UNAVAILABLE: 0",
        "Field Values (bitwise)": 1
    },
    {
        "Signal Name": "T:sdv.cockpit.hmi.switches.hvac.virtual_command.SeatHeatCool.ROW_3_RIGHT.request",
        "Specs (All Of)": "HeatedSeats",
        "Field Name": "sdv.cockpit.hmi.climate.conf:HmiClimateConfig.heat_vent_seat.rear_right_seat_heat",
        "Combining Operator": "None Of",
        "Field Values": "UNAVAILABLE: 0",
        "Field Values (bitwise)": 1
    },
    {
        "Signal Name": "T:sdv.cockpit.hmi.switches.hvac.virtual_command.SeatHeatCool.ROW_3_RIGHT.request",
        "Specs (All Of)": "VentilatedSeats",
        "Field Name": "sdv.cockpit.hmi.climate.conf:HmiClimateConfig.heat_vent_seat.rear_right_seat_vent",
        "Combining Operator": "None Of",
        "Field Values": "UNAVAILABLE: 0",
        "Field Values (bitwise)": 1
    },
    {
        "Signal Name": "T:sdv.cockpit.hmi.switches.hvac.virtual_command.SteeringWheelHeater.GLOBAL.request",
        "Specs (All Of)": null,
        "Field Name": "sdv.cockpit.hmi.climate.conf:HmiClimateConfig.climate_control.steering_wheel_heat",
        "Combining Operator": "None Of",
        "Field Values": "FALSE: 0",
        "Field Values (bitwise)": 1
    },
    {
        "Signal Name": "T:sdv.cockpit.hmi.switches.hvac.virtual_command.TemperatureSet.FRONT_LEFT.request",
        "Specs (All Of)": null,
        "Field Name": "sdv.cockpit.hmi.climate.conf:HmiClimateConfig.climate_control.clim_type",
        "Combining Operator": "None Of",
        "Field Values": "UNAVAILABLE: 0",
        "Field Values (bitwise)": 1
    },
    {
        "Signal Name": "T:sdv.cockpit.hmi.switches.hvac.virtual_command.TemperatureSet.FRONT_RIGHT.request",
        "Specs (All Of)": null,
        "Field Name": "sdv.cockpit.hmi.climate.conf:HmiClimateConfig.climate_control.clim_type",
        "Combining Operator": "None Of",
        "Field Values": "UNAVAILABLE: 0",
        "Field Values (bitwise)": 1
    },
    {
        "Signal Name": "T:sdv.cockpit.hmi.switches.hvac.virtual_command.TemperatureSync.GLOBAL.request",
        "Specs (All Of)": null,
        "Field Name": null,
        "Combining Operator": "Any Of",
        "Field Values": null,
        "Field Values (bitwise)": 0
    },
    {
        "Signal Name": "T:sdv.energy.high_voltage.battery.LastTripAverageConsumption.GLOBAL.value",
        "Specs (All Of)": null,
        "Field Name": "hmi_config:HMI.hmi_feature.vehiclemode",
        "Combining Operator": "Any Of",
        "Field Values": "EV: 1\nHEV: 2\nPHEV: 3",
        "Field Values (bitwise)": 14
    },
    {
        "Signal Name": "T:sdv.powertrain.motors.electric.RearPwtCoolantTemperature.GLOBAL.value",
        "Specs (All Of)": null,
        "Field Name": "hmi_config:HMI.hmi_feature.vehiclemode",
        "Combining Operator": "Any Of",
        "Field Values": "ICE: 0\nHEV: 2\nPHEV: 3",
        "Field Values (bitwise)": 13
    }
]