[
    {
        "Criterion Name": "ADR_DMS_DMC_ECU",
        "Specs (All Of)": null,
        "Field Name": null,
        "Combining Operator": "Any Of",
        "Field Values": null,
        "Field Values (bitwise)": 0
    },
    {
        "Criterion Name": "ADR_DMS_IVI",
        "Specs (All Of)": null,
        "Field Name": null,
        "Combining Operator": "Any Of",
        "Field Values": null,
        "Field Values (bitwise)": 0
    },
    {
        "Criterion Name": "AirQuality",
        "Specs (All Of)": null,
        "Field Name": null,
        "Combining Operator": "Any Of",
        "Field Values": null,
        "Field Values (bitwise)": 0
    },
    {
        "Criterion Name": "ASIA",
        "Specs (All Of)": null,
        "Field Name": null,
        "Combining Operator": "Any Of",
        "Field Values": null,
        "Field Values (bitwise)": 0
    },
    {
        "Criterion Name": "AutoDimmingPresent",
        "Specs (All Of)": null,
        "Field Name": "sdv.cockpit.hmi.backlight.conf:BacklightConfig.dimming_config.auto_dimming_present",
        "Combining Operator": "Any Of",
        "Field Values": "AUTODIMMING_PRESENT_STATE_T_WITHOUT_AUTODIMMING: 0",
        "Field Values (bitwise)": 1
    },
    {
        "Criterion Name": "AVM_SD_Absent",
        "Specs (All Of)": null,
        "Field Name": null,
        "Combining Operator": "Any Of",
        "Field Values": null,
        "Field Values (bitwise)": 0
    },
    {
        "Criterion Name": "AVM_SD_Present",
        "Specs (All Of)": null,
        "Field Name": null,
        "Combining Operator": "Any Of",
        "Field Values": null,
        "Field Values (bitwise)": 0
    },
    {
        "Criterion Name": "BatteryDisplayUnit_KWH",
        "Specs (All Of)": null,
        "Field Name": "sdv.cockpit.hmi_sdv.conf:HmiSdvConfig.language_and_units.electric_consumption_unit_bits",
        "Combining Operator": "Any Of",
        "Field Values": "KWH_PER_100KM: 0\nMI_PER_KWH: 1\nKM_PER_KWH: 2",
        "Field Values (bitwise)": 7
    },
    {
        "Criterion Name": "BatteryDisplayUnit_KWH",
        "Specs (All Of)": null,
        "Field Name": "sdv.cockpit.hmi_sdv.conf:HmiSdvConfig.language_and_units.electric_consumption_unit_default",
        "Combining Operator": "Any Of",
        "Field Values": "KWH_PER_100KM: 0\nMI_PER_KWH: 1\nKM_PER_KWH: 2",
        "Field Values (bitwise)": 7
    },
    {
        "Criterion Name": "BCMSwitchSignal",
        "Specs (All Of)": null,
        "Field Name": null,
        "Combining Operator": "Any Of",
        "Field Values": null,
        "Field Values (bitwise)": 0
    },
    {
        "Criterion Name": "BothDisplayIntegratedSupport",
        "Specs (All Of)": null,
        "Field Name": null,
        "Combining Operator": "None Of",
        "Field Values": null,
        "Field Values (bitwise)": -1
    },
    {
        "Criterion Name": "BSW_SonarAbsent",
        "Specs (All Of)": null,
        "Field Name": null,
        "Combining Operator": "Any Of",
        "Field Values": null,
        "Field Values (bitwise)": 0
    },
    {
        "Criterion Name": "BSW_SonarPresent",
        "Specs (All Of)": null,
        "Field Name": null,
        "Combining Operator": "Any Of",
        "Field Values": null,
        "Field Values (bitwise)": 0
    },
    {
        "Criterion Name": "CAMAN",
        "Specs (All Of)": null,
        "Field Name": "sdv.cockpit.hmi.climate.conf:HmiClimateConfig.climate_control.clim_type",
        "Combining Operator": "Any Of",
        "Field Values": "CAMAN: 1",
        "Field Values (bitwise)": 2
    },
    {
        "Criterion Name": "CAMCON_GMSL",
        "Specs (All Of)": null,
        "Field Name": null,
        "Combining Operator": "Any Of",
        "Field Values": null,
        "Field Values (bitwise)": 0
    },
    {
        "Criterion Name": "CAREG",
        "Specs (All Of)": null,
        "Field Name": "sdv.cockpit.hmi.climate.conf:HmiClimateConfig.climate_control.clim_type",
        "Combining Operator": "Any Of",
        "Field Values": "CAREG_MONOZONE: 2\nCAREG_DUALZONE: 3",
        "Field Values (bitwise)": 12
    },
    {
        "Criterion Name": "CID_DisplayAbsent",
        "Specs (All Of)": null,
        "Field Name": null,
        "Combining Operator": "Any Of",
        "Field Values": null,
        "Field Values (bitwise)": 0
    },
    {
        "Criterion Name": "CID_DisplayPresent",
        "Specs (All Of)": null,
        "Field Name": null,
        "Combining Operator": "Any Of",
        "Field Values": null,
        "Field Values (bitwise)": 0
    },
    {
        "Criterion Name": "clockWiseTireTurn",
        "Specs (All Of)": null,
        "Field Name": null,
        "Combining Operator": "Any Of",
        "Field Values": null,
        "Field Values (bitwise)": 0
    },
    {
        "Criterion Name": "counterClockWiseTireTurn",
        "Specs (All Of)": null,
        "Field Name": null,
        "Combining Operator": "Any Of",
        "Field Values": null,
        "Field Values (bitwise)": 0
    },
    {
        "Criterion Name": "CustomShieldPresent",
        "Specs (All Of)": null,
        "Field Name": "sdv.cockpit.hmi.switches.custom_shield.conf:CustomShieldConfig.custom_shield_state.state",
        "Combining Operator": "None Of",
        "Field Values": "STATE_T_CS_ABSENT: 0",
        "Field Values (bitwise)": 1
    },
    {
        "Criterion Name": "DisplaySwitchSupport",
        "Specs (All Of)": null,
        "Field Name": null,
        "Combining Operator": "Any Of",
        "Field Values": null,
        "Field Values (bitwise)": 0
    },
    {
        "Criterion Name": "DistanceDiplayUnit_KILOMETERS",
        "Specs (All Of)": null,
        "Field Name": "sdv.cockpit.hmi_sdv.conf:HmiSdvConfig.language_and_units.distance_unit_bits",
        "Combining Operator": "Any Of",
        "Field Values": "KILOMETERS_METERS: 0",
        "Field Values (bitwise)": 1
    },
    {
        "Criterion Name": "DistanceDiplayUnit_KILOMETERS",
        "Specs (All Of)": null,
        "Field Name": "sdv.cockpit.hmi_sdv.conf:HmiSdvConfig.language_and_units.distance_unit_default",
        "Combining Operator": "Any Of",
        "Field Values": "KILOMETERS_METERS: 0",
        "Field Values (bitwise)": 1
    },
    {
        "Criterion Name": "DistanceDiplayUnit_MILES",
        "Specs (All Of)": null,
        "Field Name": "sdv.cockpit.hmi_sdv.conf:HmiSdvConfig.language_and_units.distance_unit_bits",
        "Combining Operator": "Any Of",
        "Field Values": "MILES_YARDS: 1\nMILES_FEETS: 2",
        "Field Values (bitwise)": 2
    },
    {
        "Criterion Name": "DistanceDiplayUnit_MILES",
        "Specs (All Of)": null,
        "Field Name": "sdv.cockpit.hmi_sdv.conf:HmiSdvConfig.language_and_units.distance_unit_default",
        "Combining Operator": "Any Of",
        "Field Values": "MILES_YARDS: 1\nMILES_FEETS: 2",
        "Field Values (bitwise)": 2
    },
    {
        "Criterion Name": "DriverMassageSeat",
        "Specs (All Of)": null,
        "Field Name": null,
        "Combining Operator": "Any Of",
        "Field Values": null,
        "Field Values (bitwise)": 0
    },
    {
        "Criterion Name": "dualzone",
        "Specs (All Of)": null,
        "Field Name": "sdv.cockpit.hmi.climate.conf:HmiClimateConfig.climate_control.clim_type",
        "Combining Operator": "Any Of",
        "Field Values": "CAREG_DUALZONE: 3",
        "Field Values (bitwise)": 8
    },
    {
        "Criterion Name": "ElectricConsumptionUnit_KM_KWH",
        "Specs (All Of)": null,
        "Field Name": "sdv.cockpit.hmi_sdv.conf:HmiSdvConfig.language_and_units.electric_consumption_unit_bits",
        "Combining Operator": "Any Of",
        "Field Values": "KM_PER_KWH: 2",
        "Field Values (bitwise)": 4
    },
    {
        "Criterion Name": "ElectricConsumptionUnit_KM_KWH",
        "Specs (All Of)": null,
        "Field Name": "sdv.cockpit.hmi_sdv.conf:HmiSdvConfig.language_and_units.electric_consumption_unit_default",
        "Combining Operator": "Any Of",
        "Field Values": "KM_PER_KWH: 2",
        "Field Values (bitwise)": 4
    },
    {
        "Criterion Name": "ElectricConsumptionUnit_KWH_100KM",
        "Specs (All Of)": null,
        "Field Name": "sdv.cockpit.hmi_sdv.conf:HmiSdvConfig.language_and_units.electric_consumption_unit_bits",
        "Combining Operator": "Any Of",
        "Field Values": "KWH_PER_100KM: 0",
        "Field Values (bitwise)": 1
    },
    {
        "Criterion Name": "ElectricConsumptionUnit_KWH_100KM",
        "Specs (All Of)": null,
        "Field Name": "sdv.cockpit.hmi_sdv.conf:HmiSdvConfig.language_and_units.electric_consumption_unit_default",
        "Combining Operator": "Any Of",
        "Field Values": "KWH_PER_100KM: 0",
        "Field Values (bitwise)": 1
    },
    {
        "Criterion Name": "ElectricConsumptionUnit_MI_KWH",
        "Specs (All Of)": null,
        "Field Name": "sdv.cockpit.hmi_sdv.conf:HmiSdvConfig.language_and_units.electric_consumption_unit_bits",
        "Combining Operator": "Any Of",
        "Field Values": "MI_PER_KWH: 1",
        "Field Values (bitwise)": 2
    },
    {
        "Criterion Name": "ElectricConsumptionUnit_MI_KWH",
        "Specs (All Of)": null,
        "Field Name": "sdv.cockpit.hmi_sdv.conf:HmiSdvConfig.language_and_units.electric_consumption_unit_default",
        "Combining Operator": "Any Of",
        "Field Values": "MI_PER_KWH: 1",
        "Field Values (bitwise)": 2
    },
    {
        "Criterion Name": "electroMassage",
        "Specs (All Of)": null,
        "Field Name": null,
        "Combining Operator": "Any Of",
        "Field Values": null,
        "Field Values (bitwise)": 0
    },
    {
        "Criterion Name": "ESA",
        "Specs (All Of)": null,
        "Field Name": "hmi_config:HMI.adas2.cfg_adas_esa",
        "Combining Operator": "Any Of",
        "Field Values": "ESA_PRESENT: 1",
        "Field Values (bitwise)": 2
    },
    {
        "Criterion Name": "EUROPE",
        "Specs (All Of)": null,
        "Field Name": null,
        "Combining Operator": "Any Of",
        "Field Values": null,
        "Field Values (bitwise)": 0
    },
    {
        "Criterion Name": "EV",
        "Specs (All Of)": null,
        "Field Name": "hmi_config:HMI.hmi_feature.vehiclemode",
        "Combining Operator": "Any Of",
        "Field Values": "EV: 1",
        "Field Values (bitwise)": 2
    },
    {
        "Criterion Name": "evModels",
        "Specs (All Of)": null,
        "Field Name": "hmi_config:HMI.hmi_feature.vehiclemode",
        "Combining Operator": "Any Of",
        "Field Values": "EV: 1\nHEV: 2\nPHEV: 3",
        "Field Values (bitwise)": 14
    },
    {
        "Criterion Name": "EvPort",
        "Specs (All Of)": null,
        "Field Name": "hmi_config:HMI.hmi_feature.vehiclemode",
        "Combining Operator": "Any Of",
        "Field Values": "EV: 1\nPHEV: 3",
        "Field Values (bitwise)": 10
    },
    {
        "Criterion Name": "FrontMassageSeat",
        "Specs (All Of)": null,
        "Field Name": null,
        "Combining Operator": "Any Of",
        "Field Values": null,
        "Field Values (bitwise)": 0
    },
    {
        "Criterion Name": "Gen4SwitchSignal",
        "Specs (All Of)": null,
        "Field Name": null,
        "Combining Operator": "Any Of",
        "Field Values": null,
        "Field Values (bitwise)": 0
    },
    {
        "Criterion Name": "HeatedSeats",
        "Specs (All Of)": null,
        "Field Name": "sdv.cockpit.hmi.climate.conf:HmiClimateConfig.heat_vent_seat.front_left_seat_heat",
        "Combining Operator": "Any Of",
        "Field Values": "LOW: 1\nMEDIUM: 2\nLOW_MEDIUM: 3\nHIGH: 4\nLOW_HIGH: 5\nMEDIUM_HIGH: 6\nLOW_MEDIUM_HIGH: 7",
        "Field Values (bitwise)": 254
    },
    {
        "Criterion Name": "HeatedSeats",
        "Specs (All Of)": null,
        "Field Name": "sdv.cockpit.hmi.climate.conf:HmiClimateConfig.heat_vent_seat.front_right_seat_heat",
        "Combining Operator": "Any Of",
        "Field Values": "LOW: 1\nMEDIUM: 2\nLOW_MEDIUM: 3\nHIGH: 4\nLOW_HIGH: 5\nMEDIUM_HIGH: 6\nLOW_MEDIUM_HIGH: 7",
        "Field Values (bitwise)": 254
    },
    {
        "Criterion Name": "HeatedSeats",
        "Specs (All Of)": null,
        "Field Name": "sdv.cockpit.hmi.climate.conf:HmiClimateConfig.heat_vent_seat.rear_left_seat_heat",
        "Combining Operator": "Any Of",
        "Field Values": "LOW: 1\nMEDIUM: 2\nLOW_MEDIUM: 3\nHIGH: 4\nLOW_HIGH: 5\nMEDIUM_HIGH: 6\nLOW_MEDIUM_HIGH: 7",
        "Field Values (bitwise)": 254
    },
    {
        "Criterion Name": "HeatedSeats",
        "Specs (All Of)": null,
        "Field Name": "sdv.cockpit.hmi.climate.conf:HmiClimateConfig.heat_vent_seat.rear_middle_seat_heat",
        "Combining Operator": "Any Of",
        "Field Values": "LOW: 1\nMEDIUM: 2\nLOW_MEDIUM: 3\nHIGH: 4\nLOW_HIGH: 5\nMEDIUM_HIGH: 6\nLOW_MEDIUM_HIGH: 7",
        "Field Values (bitwise)": 254
    },
    {
        "Criterion Name": "HeatedSeats",
        "Specs (All Of)": null,
        "Field Name": "sdv.cockpit.hmi.climate.conf:HmiClimateConfig.heat_vent_seat.rear_right_seat_heat",
        "Combining Operator": "Any Of",
        "Field Values": "LOW: 1\nMEDIUM: 2\nLOW_MEDIUM: 3\nHIGH: 4\nLOW_HIGH: 5\nMEDIUM_HIGH: 6\nLOW_MEDIUM_HIGH: 7",
        "Field Values (bitwise)": 254
    },
    {
        "Criterion Name": "HVACFrontOnly",
        "Specs (All Of)": null,
        "Field Name": "sdv.cockpit.hmi.climate.conf:HmiClimateConfig.climate_control.clim_type",
        "Combining Operator": "Any Of",
        "Field Values": "CAMAN: 1\nCAREG_MONOZONE: 2\nCAREG_DUALZONE: 3",
        "Field Values (bitwise)": 14
    },
    {
        "Criterion Name": "HVACRear",
        "Specs (All Of)": null,
        "Field Name": null,
        "Combining Operator": "Any Of",
        "Field Values": null,
        "Field Values (bitwise)": 0
    },
    {
        "Criterion Name": "ICEHEV",
        "Specs (All Of)": null,
        "Field Name": "hmi_config:HMI.hmi_feature.vehiclemode",
        "Combining Operator": "Any Of",
        "Field Values": "ICE: 0\nHEV: 2",
        "Field Values (bitwise)": 5
    },
    {
        "Criterion Name": "iceModels",
        "Specs (All Of)": null,
        "Field Name": "hmi_config:HMI.hmi_feature.vehiclemode",
        "Combining Operator": "Any Of",
        "Field Values": "ICE: 0",
        "Field Values (bitwise)": 1
    },
    {
        "Criterion Name": "IntegratedSwitchSupport",
        "Specs (All Of)": null,
        "Field Name": null,
        "Combining Operator": "Any Of",
        "Field Values": null,
        "Field Values (bitwise)": 0
    },
    {
        "Criterion Name": "KM_DIST",
        "Specs (All Of)": null,
        "Field Name": null,
        "Combining Operator": "Any Of",
        "Field Values": null,
        "Field Values (bitwise)": 0
    },
    {
        "Criterion Name": "MeterSwitchSignal",
        "Specs (All Of)": null,
        "Field Name": null,
        "Combining Operator": "Any Of",
        "Field Values": null,
        "Field Values (bitwise)": 0
    },
    {
        "Criterion Name": "MEX_Absent",
        "Specs (All Of)": null,
        "Field Name": null,
        "Combining Operator": "Any Of",
        "Field Values": null,
        "Field Values (bitwise)": 0
    },
    {
        "Criterion Name": "MEX_Present",
        "Specs (All Of)": null,
        "Field Name": null,
        "Combining Operator": "Any Of",
        "Field Values": null,
        "Field Values (bitwise)": 0
    },
    {
        "Criterion Name": "MexEsePresent",
        "Specs (All Of)": null,
        "Field Name": null,
        "Combining Operator": "Any Of",
        "Field Values": null,
        "Field Values (bitwise)": 0
    },
    {
        "Criterion Name": "MILES_DIST",
        "Specs (All Of)": null,
        "Field Name": null,
        "Combining Operator": "Any Of",
        "Field Values": null,
        "Field Values (bitwise)": 0
    },
    {
        "Criterion Name": "monozone",
        "Specs (All Of)": null,
        "Field Name": "sdv.cockpit.hmi.climate.conf:HmiClimateConfig.climate_control.clim_type",
        "Combining Operator": "Any Of",
        "Field Values": "CAMAN: 1\nCAREG_MONOZONE: 2",
        "Field Values (bitwise)": 6
    },
    {
        "Criterion Name": "NonEV",
        "Specs (All Of)": null,
        "Field Name": "hmi_config:HMI.hmi_feature.vehiclemode",
        "Combining Operator": "None Of",
        "Field Values": "EV: 1",
        "Field Values (bitwise)": 2
    },
    {
        "Criterion Name": "PHEV",
        "Specs (All Of)": null,
        "Field Name": "hmi_config:HMI.hmi_feature.vehiclemode",
        "Combining Operator": "Any Of",
        "Field Values": "PHEV: 3",
        "Field Values (bitwise)": 8
    },
    {
        "Criterion Name": "pneumaticMassage",
        "Specs (All Of)": null,
        "Field Name": null,
        "Combining Operator": "Any Of",
        "Field Values": null,
        "Field Values (bitwise)": 0
    },
    {
        "Criterion Name": "Row1C_SeatAbsent",
        "Specs (All Of)": null,
        "Field Name": "nissan_vehicle_information_config:NISSAN_VEHICLE_INFORMATION.seat.row1centre",
        "Combining Operator": "Any Of",
        "Field Values": "ROW1CENTRE_SEAT_NOT_AVAILABLE: 0",
        "Field Values (bitwise)": 1
    },
    {
        "Criterion Name": "Row1C_SeatPresent",
        "Specs (All Of)": null,
        "Field Name": "nissan_vehicle_information_config:NISSAN_VEHICLE_INFORMATION.seat.row1centre",
        "Combining Operator": "Any Of",
        "Field Values": "ROW1CENTRE_SEAT_AVAILABLE: 1",
        "Field Values (bitwise)": 2
    },
    {
        "Criterion Name": "Row1P_SeatAbsent",
        "Specs (All Of)": null,
        "Field Name": "nissan_vehicle_information_config:NISSAN_VEHICLE_INFORMATION.seat.row1p",
        "Combining Operator": "Any Of",
        "Field Values": "ROW1P_SEAT_NOT_AVAILABLE: 0",
        "Field Values (bitwise)": 1
    },
    {
        "Criterion Name": "Row1P_SeatPresent",
        "Specs (All Of)": null,
        "Field Name": "nissan_vehicle_information_config:NISSAN_VEHICLE_INFORMATION.seat.row1p",
        "Combining Operator": "Any Of",
        "Field Values": "ROW1P_SEAT_AVAILABLE: 1",
        "Field Values (bitwise)": 2
    },
    {
        "Criterion Name": "Row2C_SeatAbsent",
        "Specs (All Of)": null,
        "Field Name": "nissan_vehicle_information_config:NISSAN_VEHICLE_INFORMATION.seat.row2centre",
        "Combining Operator": "Any Of",
        "Field Values": "ROW2CENTRE_SEAT_NOT_AVAILABLE: 0",
        "Field Values (bitwise)": 1
    },
    {
        "Criterion Name": "Row2C_SeatPresent",
        "Specs (All Of)": null,
        "Field Name": "nissan_vehicle_information_config:NISSAN_VEHICLE_INFORMATION.seat.row2centre",
        "Combining Operator": "Any Of",
        "Field Values": "ROW2CENTRE_SEAT_AVAILABLE: 1",
        "Field Values (bitwise)": 2
    },
    {
        "Criterion Name": "Row2L_SeatAbsent",
        "Specs (All Of)": null,
        "Field Name": "nissan_vehicle_information_config:NISSAN_VEHICLE_INFORMATION.seat.row2left",
        "Combining Operator": "Any Of",
        "Field Values": "ROW2LEFT_SEAT_NOT_AVAILABLE: 0",
        "Field Values (bitwise)": 1
    },
    {
        "Criterion Name": "Row2L_SeatPresent",
        "Specs (All Of)": null,
        "Field Name": "nissan_vehicle_information_config:NISSAN_VEHICLE_INFORMATION.seat.row2left",
        "Combining Operator": "Any Of",
        "Field Values": "ROW2LEFT_SEAT_AVAILABLE: 1",
        "Field Values (bitwise)": 2
    },
    {
        "Criterion Name": "Row2R_SeatAbsent",
        "Specs (All Of)": null,
        "Field Name": "nissan_vehicle_information_config:NISSAN_VEHICLE_INFORMATION.seat.row2right",
        "Combining Operator": "Any Of",
        "Field Values": "ROW2RIGHT_SEAT_NOT_AVAILABLE: 0",
        "Field Values (bitwise)": 1
    },
    {
        "Criterion Name": "Row2R_SeatPresent",
        "Specs (All Of)": null,
        "Field Name": "nissan_vehicle_information_config:NISSAN_VEHICLE_INFORMATION.seat.row2right",
        "Combining Operator": "Any Of",
        "Field Values": "ROW2RIGHT_SEAT_AVAILABLE: 1",
        "Field Values (bitwise)": 2
    },
    {
        "Criterion Name": "Row3C_SeatAbsent",
        "Specs (All Of)": null,
        "Field Name": "nissan_vehicle_information_config:NISSAN_VEHICLE_INFORMATION.seat.row3centre",
        "Combining Operator": "Any Of",
        "Field Values": "ROW3CENTRE_SEAT_NOT_AVAILABLE: 0",
        "Field Values (bitwise)": 1
    },
    {
        "Criterion Name": "Row3C_SeatPresent",
        "Specs (All Of)": null,
        "Field Name": "nissan_vehicle_information_config:NISSAN_VEHICLE_INFORMATION.seat.row3centre",
        "Combining Operator": "Any Of",
        "Field Values": "ROW3CENTRE_SEAT_AVAILABLE: 1",
        "Field Values (bitwise)": 2
    },
    {
        "Criterion Name": "Row3L_SeatAbsent",
        "Specs (All Of)": null,
        "Field Name": "nissan_vehicle_information_config:NISSAN_VEHICLE_INFORMATION.seat.row3left",
        "Combining Operator": "Any Of",
        "Field Values": "ROW3LEFT_SEAT_NOT_AVAILABLE: 0",
        "Field Values (bitwise)": 1
    },
    {
        "Criterion Name": "Row3L_SeatPresent",
        "Specs (All Of)": null,
        "Field Name": "nissan_vehicle_information_config:NISSAN_VEHICLE_INFORMATION.seat.row3left",
        "Combining Operator": "Any Of",
        "Field Values": "ROW3LEFT_SEAT_AVAILABLE: 1",
        "Field Values (bitwise)": 2
    },
    {
        "Criterion Name": "Row3R_SeatAbsent",
        "Specs (All Of)": null,
        "Field Name": "nissan_vehicle_information_config:NISSAN_VEHICLE_INFORMATION.seat.row3right",
        "Combining Operator": "Any Of",
        "Field Values": "ROW3RIGHT_SEAT_NOT_AVAILABLE: 0",
        "Field Values (bitwise)": 1
    },
    {
        "Criterion Name": "Row3R_SeatPresent",
        "Specs (All Of)": null,
        "Field Name": "nissan_vehicle_information_config:NISSAN_VEHICLE_INFORMATION.seat.row3right",
        "Combining Operator": "Any Of",
        "Field Values": "ROW3RIGHT_SEAT_AVAILABLE: 1",
        "Field Values (bitwise)": 2
    },
    {
        "Criterion Name": "Seat200",
        "Specs (All Of)": "Row1P_SeatPresent_x000D_\nRow1C_SeatAbsent_x000D_\nRow2L_SeatAbsent_x000D_\nRow2C_SeatAbsent_x000D_\nRow2R_SeatAbsent_x000D_\nRow3L_SeatAbsent_x000D_\nRow3C_SeatAbsent_x000D_\nRow3R_SeatAbsent",
        "Field Name": null,
        "Combining Operator": "None Of",
        "Field Values": null,
        "Field Values (bitwise)": -1
    },
    {
        "Criterion Name": "Seat220",
        "Specs (All Of)": "Row1P_SeatPresent_x000D_\nRow2L_SeatPresent_x000D_\nRow2R_SeatPresent_x000D_\nRow1C_SeatAbsent_x000D_\nRow2C_SeatAbsent_x000D_\nRow3L_SeatAbsent_x000D_\nRow3C_SeatAbsent_x000D_\nRow3R_SeatAbsent",
        "Field Name": null,
        "Combining Operator": "None Of",
        "Field Values": null,
        "Field Values (bitwise)": -1
    },
    {
        "Criterion Name": "Seat222",
        "Specs (All Of)": "Row1P_SeatPresent_x000D_\nRow2L_SeatPresent_x000D_\nRow2R_SeatPresent_x000D_\nRow3L_SeatPresent_x000D_\nRow3R_SeatPresent_x000D_\nRow1C_SeatAbsent_x000D_\nRow2C_SeatAbsent_x000D_\nRow3C_SeatAbsent",
        "Field Name": null,
        "Combining Operator": "None Of",
        "Field Values": null,
        "Field Values (bitwise)": -1
    },
    {
        "Criterion Name": "Seat230",
        "Specs (All Of)": "Row1P_SeatPresent_x000D_\nRow2L_SeatPresent_x000D_\nRow2C_SeatPresent_x000D_\nRow2R_SeatPresent_x000D_\nRow1C_SeatAbsent_x000D_\nRow3L_SeatAbsent_x000D_\nRow3C_SeatAbsent_x000D_\nRow3R_SeatAbsent",
        "Field Name": null,
        "Combining Operator": "None Of",
        "Field Values": null,
        "Field Values (bitwise)": -1
    },
    {
        "Criterion Name": "Seat232",
        "Specs (All Of)": "Row1P_SeatPresent_x000D_\nRow2L_SeatPresent_x000D_\nRow2C_SeatPresent_x000D_\nRow2R_SeatPresent_x000D_\nRow3L_SeatPresent_x000D_\nRow3R_SeatPresent_x000D_\nRow1C_SeatAbsent_x000D_\nRow3C_SeatAbsent",
        "Field Name": null,
        "Combining Operator": "None Of",
        "Field Values": null,
        "Field Values (bitwise)": -1
    },
    {
        "Criterion Name": "Seat333",
        "Specs (All Of)": "Row1C_SeatPresent_x000D_\nRow1P_SeatPresent_x000D_\nRow2L_SeatPresent_x000D_\nRow2C_SeatPresent_x000D_\nRow2R_SeatPresent_x000D_\nRow3L_SeatPresent_x000D_\nRow3C_SeatPresent_x000D_\nRow3R_SeatPresent",
        "Field Name": null,
        "Combining Operator": "None Of",
        "Field Values": null,
        "Field Values (bitwise)": -1
    },
    {
        "Criterion Name": "SeatElectromechanicalMassage",
        "Specs (All Of)": null,
        "Field Name": null,
        "Combining Operator": "Any Of",
        "Field Values": null,
        "Field Values (bitwise)": 0
    },
    {
        "Criterion Name": "SeatMassage_Intensity_1",
        "Specs (All Of)": null,
        "Field Name": null,
        "Combining Operator": "Any Of",
        "Field Values": null,
        "Field Values (bitwise)": 0
    },
    {
        "Criterion Name": "SeatMassage_Intensity_2",
        "Specs (All Of)": null,
        "Field Name": null,
        "Combining Operator": "Any Of",
        "Field Values": null,
        "Field Values (bitwise)": 0
    },
    {
        "Criterion Name": "SeatMassage_Intensity_3",
        "Specs (All Of)": null,
        "Field Name": null,
        "Combining Operator": "Any Of",
        "Field Values": null,
        "Field Values (bitwise)": 0
    },
    {
        "Criterion Name": "SeatMassage_Intensity_4",
        "Specs (All Of)": null,
        "Field Name": null,
        "Combining Operator": "Any Of",
        "Field Values": null,
        "Field Values (bitwise)": 0
    },
    {
        "Criterion Name": "SeatMassage_Intensity_5",
        "Specs (All Of)": null,
        "Field Name": null,
        "Combining Operator": "Any Of",
        "Field Values": null,
        "Field Values (bitwise)": 0
    },
    {
        "Criterion Name": "SeatMassage_Program_1",
        "Specs (All Of)": null,
        "Field Name": null,
        "Combining Operator": "Any Of",
        "Field Values": null,
        "Field Values (bitwise)": 0
    },
    {
        "Criterion Name": "SeatMassage_Program_10",
        "Specs (All Of)": null,
        "Field Name": null,
        "Combining Operator": "Any Of",
        "Field Values": null,
        "Field Values (bitwise)": 0
    },
    {
        "Criterion Name": "SeatMassage_Program_11",
        "Specs (All Of)": null,
        "Field Name": null,
        "Combining Operator": "Any Of",
        "Field Values": null,
        "Field Values (bitwise)": 0
    },
    {
        "Criterion Name": "SeatMassage_Program_12",
        "Specs (All Of)": null,
        "Field Name": null,
        "Combining Operator": "Any Of",
        "Field Values": null,
        "Field Values (bitwise)": 0
    },
    {
        "Criterion Name": "SeatMassage_Program_13",
        "Specs (All Of)": null,
        "Field Name": null,
        "Combining Operator": "Any Of",
        "Field Values": null,
        "Field Values (bitwise)": 0
    },
    {
        "Criterion Name": "SeatMassage_Program_14",
        "Specs (All Of)": null,
        "Field Name": null,
        "Combining Operator": "Any Of",
        "Field Values": null,
        "Field Values (bitwise)": 0
    },
    {
        "Criterion Name": "SeatMassage_Program_2",
        "Specs (All Of)": null,
        "Field Name": null,
        "Combining Operator": "Any Of",
        "Field Values": null,
        "Field Values (bitwise)": 0
    },
    {
        "Criterion Name": "SeatMassage_Program_3",
        "Specs (All Of)": null,
        "Field Name": null,
        "Combining Operator": "Any Of",
        "Field Values": null,
        "Field Values (bitwise)": 0
    },
    {
        "Criterion Name": "SeatMassage_Program_4",
        "Specs (All Of)": null,
        "Field Name": null,
        "Combining Operator": "Any Of",
        "Field Values": null,
        "Field Values (bitwise)": 0
    },
    {
        "Criterion Name": "SeatMassage_Program_5",
        "Specs (All Of)": null,
        "Field Name": null,
        "Combining Operator": "Any Of",
        "Field Values": null,
        "Field Values (bitwise)": 0
    },
    {
        "Criterion Name": "SeatMassage_Program_6",
        "Specs (All Of)": null,
        "Field Name": null,
        "Combining Operator": "Any Of",
        "Field Values": null,
        "Field Values (bitwise)": 0
    },
    {
        "Criterion Name": "SeatMassage_Program_7",
        "Specs (All Of)": null,
        "Field Name": null,
        "Combining Operator": "Any Of",
        "Field Values": null,
        "Field Values (bitwise)": 0
    },
    {
        "Criterion Name": "SeatMassage_Program_8",
        "Specs (All Of)": null,
        "Field Name": null,
        "Combining Operator": "Any Of",
        "Field Values": null,
        "Field Values (bitwise)": 0
    },
    {
        "Criterion Name": "SeatMassage_Program_9",
        "Specs (All Of)": null,
        "Field Name": null,
        "Combining Operator": "Any Of",
        "Field Values": null,
        "Field Values (bitwise)": 0
    },
    {
        "Criterion Name": "SeatMassage_Velocity_1",
        "Specs (All Of)": null,
        "Field Name": null,
        "Combining Operator": "Any Of",
        "Field Values": null,
        "Field Values (bitwise)": 0
    },
    {
        "Criterion Name": "SeatMassage_Velocity_2",
        "Specs (All Of)": null,
        "Field Name": null,
        "Combining Operator": "Any Of",
        "Field Values": null,
        "Field Values (bitwise)": 0
    },
    {
        "Criterion Name": "SeatMassage_Velocity_3",
        "Specs (All Of)": null,
        "Field Name": null,
        "Combining Operator": "Any Of",
        "Field Values": null,
        "Field Values (bitwise)": 0
    },
    {
        "Criterion Name": "SeatMassage_Velocity_4",
        "Specs (All Of)": null,
        "Field Name": null,
        "Combining Operator": "Any Of",
        "Field Values": null,
        "Field Values (bitwise)": 0
    },
    {
        "Criterion Name": "SeatMassage_Velocity_5",
        "Specs (All Of)": null,
        "Field Name": null,
        "Combining Operator": "Any Of",
        "Field Values": null,
        "Field Values (bitwise)": 0
    },
    {
        "Criterion Name": "SeatPneumaticMassage",
        "Specs (All Of)": null,
        "Field Name": null,
        "Combining Operator": "Any Of",
        "Field Values": null,
        "Field Values (bitwise)": 0
    },
    {
        "Criterion Name": "SteeringLeft",
        "Specs (All Of)": null,
        "Field Name": "hmi_config:HMI.hmi_feature.vehicle_handdriving",
        "Combining Operator": "Any Of",
        "Field Values": "LEFT_HAND_DRIVING_LHD: 0",
        "Field Values (bitwise)": 1
    },
    {
        "Criterion Name": "SteeringRight",
        "Specs (All Of)": null,
        "Field Name": "hmi_config:HMI.hmi_feature.vehicle_handdriving",
        "Combining Operator": "Any Of",
        "Field Values": "RIGHT_HAND_DRIVINGRHD: 1",
        "Field Values (bitwise)": 2
    },
    {
        "Criterion Name": "TemperatureDisplayUnit_CELSIUS",
        "Specs (All Of)": null,
        "Field Name": "sdv.cockpit.hmi_sdv.conf:HmiSdvConfig.language_and_units.temperature_unit_bits",
        "Combining Operator": "Any Of",
        "Field Values": "CELSIUS_DEGREE: 0",
        "Field Values (bitwise)": 1
    },
    {
        "Criterion Name": "TemperatureDisplayUnit_CELSIUS",
        "Specs (All Of)": null,
        "Field Name": "sdv.cockpit.hmi_sdv.conf:HmiSdvConfig.language_and_units.temperature_unit_default",
        "Combining Operator": "Any Of",
        "Field Values": "CELSIUS_DEGREE: 0",
        "Field Values (bitwise)": 1
    },
    {
        "Criterion Name": "TemperatureDisplayUnit_FAHRENHEIT",
        "Specs (All Of)": null,
        "Field Name": "sdv.cockpit.hmi_sdv.conf:HmiSdvConfig.language_and_units.temperature_unit_bits",
        "Combining Operator": "Any Of",
        "Field Values": "FAHRENHEIT_DEGREE: 1",
        "Field Values (bitwise)": 2
    },
    {
        "Criterion Name": "TemperatureDisplayUnit_FAHRENHEIT",
        "Specs (All Of)": null,
        "Field Name": "sdv.cockpit.hmi_sdv.conf:HmiSdvConfig.language_and_units.temperature_unit_default",
        "Combining Operator": "Any Of",
        "Field Values": "FAHRENHEIT_DEGREE: 1",
        "Field Values (bitwise)": 2
    },
    {
        "Criterion Name": "TirePressureUnit_BAR",
        "Specs (All Of)": null,
        "Field Name": "sdv.cockpit.hmi_sdv.conf:HmiSdvConfig.language_and_units.pressure_unit_bits",
        "Combining Operator": "Any Of",
        "Field Values": "BAR: 0",
        "Field Values (bitwise)": 1
    },
    {
        "Criterion Name": "TirePressureUnit_KILOPASCAL",
        "Specs (All Of)": null,
        "Field Name": "sdv.cockpit.hmi_sdv.conf:HmiSdvConfig.language_and_units.pressure_unit_bits",
        "Combining Operator": "Any Of",
        "Field Values": "KPA: 2",
        "Field Values (bitwise)": 4
    },
    {
        "Criterion Name": "TirePressureUnit_PSI",
        "Specs (All Of)": null,
        "Field Name": "sdv.cockpit.hmi_sdv.conf:HmiSdvConfig.language_and_units.pressure_unit_bits",
        "Combining Operator": "Any Of",
        "Field Values": "PSI: 1",
        "Field Values (bitwise)": 2
    },
    {
        "Criterion Name": "transmissionTypeAuto",
        "Specs (All Of)": null,
        "Field Name": null,
        "Combining Operator": "Any Of",
        "Field Values": null,
        "Field Values (bitwise)": 0
    },
    {
        "Criterion Name": "transmissionTypeManual",
        "Specs (All Of)": null,
        "Field Name": null,
        "Combining Operator": "Any Of",
        "Field Values": null,
        "Field Values (bitwise)": 0
    },
    {
        "Criterion Name": "VehicleSpeedUnit_KPH",
        "Specs (All Of)": null,
        "Field Name": "sdv.cockpit.hmi_sdv.conf:HmiSdvConfig.language_and_units.speed_unit_bits",
        "Combining Operator": "Any Of",
        "Field Values": "KMH: 0",
        "Field Values (bitwise)": 1
    },
    {
        "Criterion Name": "VehicleSpeedUnit_KPH",
        "Specs (All Of)": null,
        "Field Name": "sdv.cockpit.hmi_sdv.conf:HmiSdvConfig.language_and_units.speed_unit_default",
        "Combining Operator": "Any Of",
        "Field Values": "KMH: 0",
        "Field Values (bitwise)": 1
    },
    {
        "Criterion Name": "VehicleSpeedUnit_MPH",
        "Specs (All Of)": null,
        "Field Name": "sdv.cockpit.hmi_sdv.conf:HmiSdvConfig.language_and_units.speed_unit_bits",
        "Combining Operator": "Any Of",
        "Field Values": "MPH: 1",
        "Field Values (bitwise)": 2
    },
    {
        "Criterion Name": "VehicleSpeedUnit_MPH",
        "Specs (All Of)": null,
        "Field Name": "sdv.cockpit.hmi_sdv.conf:HmiSdvConfig.language_and_units.speed_unit_default",
        "Combining Operator": "Any Of",
        "Field Values": "MPH: 1",
        "Field Values (bitwise)": 2
    },
    {
        "Criterion Name": "VentilatedSeats",
        "Specs (All Of)": null,
        "Field Name": "sdv.cockpit.hmi.climate.conf:HmiClimateConfig.heat_vent_seat.front_left_seat_vent",
        "Combining Operator": "Any Of",
        "Field Values": "LOW: 1\nMEDIUM: 2\nLOW_MEDIUM: 3\nHIGH: 4\nLOW_HIGH: 5\nMEDIUM_HIGH: 6\nLOW_MEDIUM_HIGH: 7",
        "Field Values (bitwise)": 254
    },
    {
        "Criterion Name": "VentilatedSeats",
        "Specs (All Of)": null,
        "Field Name": "sdv.cockpit.hmi.climate.conf:HmiClimateConfig.heat_vent_seat.front_right_seat_vent",
        "Combining Operator": "Any Of",
        "Field Values": "LOW: 1\nMEDIUM: 2\nLOW_MEDIUM: 3\nHIGH: 4\nLOW_HIGH: 5\nMEDIUM_HIGH: 6\nLOW_MEDIUM_HIGH: 7",
        "Field Values (bitwise)": 254
    },
    {
        "Criterion Name": "VentilatedSeats",
        "Specs (All Of)": null,
        "Field Name": "sdv.cockpit.hmi.climate.conf:HmiClimateConfig.heat_vent_seat.rear_left_seat_vent",
        "Combining Operator": "Any Of",
        "Field Values": "LOW: 1\nMEDIUM: 2\nLOW_MEDIUM: 3\nHIGH: 4\nLOW_HIGH: 5\nMEDIUM_HIGH: 6\nLOW_MEDIUM_HIGH: 7",
        "Field Values (bitwise)": 254
    },
    {
        "Criterion Name": "VentilatedSeats",
        "Specs (All Of)": null,
        "Field Name": "sdv.cockpit.hmi.climate.conf:HmiClimateConfig.heat_vent_seat.rear_middle_seat_vent",
        "Combining Operator": "Any Of",
        "Field Values": "LOW: 1\nMEDIUM: 2\nLOW_MEDIUM: 3\nHIGH: 4\nLOW_HIGH: 5\nMEDIUM_HIGH: 6\nLOW_MEDIUM_HIGH: 7",
        "Field Values (bitwise)": 254
    },
    {
        "Criterion Name": "VentilatedSeats",
        "Specs (All Of)": null,
        "Field Name": "sdv.cockpit.hmi.climate.conf:HmiClimateConfig.heat_vent_seat.rear_right_seat_vent",
        "Combining Operator": "Any Of",
        "Field Values": "LOW: 1\nMEDIUM: 2\nLOW_MEDIUM: 3\nHIGH: 4\nLOW_HIGH: 5\nMEDIUM_HIGH: 6\nLOW_MEDIUM_HIGH: 7",
        "Field Values (bitwise)": 254
    },
    {
        "Criterion Name": "WithAmbientColor",
        "Specs (All Of)": null,
        "Field Name": null,
        "Combining Operator": "Any Of",
        "Field Values": null,
        "Field Values (bitwise)": 0
    },
    {
        "Criterion Name": "WithFrontAmbientColor",
        "Specs (All Of)": "MEX_Absent_x000D_\nWithAmbientColor",
        "Field Name": null,
        "Combining Operator": "Any Of",
        "Field Values": null,
        "Field Values (bitwise)": 0
    },
    {
        "Criterion Name": "WithFrontAmbientColor",
        "Specs (All Of)": "MEX_Present",
        "Field Name": null,
        "Combining Operator": "None Of",
        "Field Values": null,
        "Field Values (bitwise)": -1
    },
    {
        "Criterion Name": "WithRearAmbientColor",
        "Specs (All Of)": "MEX_Absent_x000D_\nWithAmbientColor",
        "Field Name": null,
        "Combining Operator": "Any Of",
        "Field Values": null,
        "Field Values (bitwise)": 0
    },
    {
        "Criterion Name": "WithRearAmbientColor",
        "Specs (All Of)": "MEX_Present",
        "Field Name": null,
        "Combining Operator": "None Of",
        "Field Values": null,
        "Field Values (bitwise)": -1
    }
]