[
  {
    "description": "Config to push FIDL and DEF to SDV network delivery",
    "name": "SDV_NWK_Delivery",
    "target_project": {
      "path": "sdv/architecture/rsc/sdv-network-delivery.git",
      "id": "147695"
    },
    "dest": [
      {
        "branch": "stable/25R10",
        "mr_labels": "BL6_ENDS::25R10",
        "mkvsidl_targets": "ssot_tools_install_ci fidl def",
        "releasecontent": "gen/def_fidl"
      }
    ]
  },
  {
    "description": "Config to push to CarOS mainline API project",
    "name": "CarOS",
    "target_project": {
      "path": "sdv/domains/caros/mainlines/ampere/platform_system_software_defined_vehicle_ampere_api.git",
      "id": "126084"
    },
    "dest": [
      {
        "branch": "sweet500-caros-staging",
        "mr_labels": "sweet500-staging",
        "mkvsidl_targets": "ssot_tools_install_ci aacp comet vsidl_v1 someip vsidlc acl superapp nvmconcal-acls concalholders-inputs",
        "releasecontent": "ampere_apexified Android.bp gen/aacp gen/acl gen/mappings generated_rs gen/comet/ServiceDiscoveryMapping.pbbin.gz gen/comet/ServiceDiscoveryMapping.json gen/comet/all_sdvsidl.json gen/comet/fds.json gen/superapp gen/nvmconcal_acls gen/concalholders-inputs"
      }
    ]
  },
  {
    "description": "Config to push to CDC mainline API project for RBVM",
    "name": "CDC_RBVM",
    "target_project": {
      "path": "sdv/platforms/sweet500/cdc/mainlines/ampere/platform_system_software_defined_vehicle_ampere_api.git",
      "id": "126821"
    },
    "dest": [
      {
        "branch": "sweet500-cdc-release",
        "mr_labels": "sweet500-staging",
        "mkvsidl_targets": "ssot_tools_install_ci cluster",
        "releasecontent": "ampere_apexified Android.bp gen/acl gen/mappings generated_rs gen/confighub/database/default gen/confighub/database/config.json gen/nvmconcal_acls"
      }
    ]
  },
  {
    "description": "Config to push to CDC mainline API project for FVM",
    "name": "CDC_FVM",
    "target_project": {
      "path": "sdv/platforms/sweet500/cdc/mainlines/ampere/platform_system_software_defined_vehicle_ampere_api_fvm.git",
      "id": "162724"
    },
    "dest": [
      {
        "branch": "sweet500-cdc-release",
        "mr_labels": "sweet500-staging",
        "mkvsidl_targets": "ssot_tools_install_ci ivi",
        "releasecontent": "api_ivi:."
      }
    ]
  },
  {
    "description": "Config to push to Quinault mainline API project",
    "name": "QUINAULT",
    "target_project": {
      "path": "partners/quinault/caros/qcom/api.git",
      "id": "129089"
    },
    "dest": [
      {
        "branch": "master",
        "mr_labels": "sweet500-staging",
        "mkvsidl": "echo nothing todo",
        "releasecontent": "ampere Makefile protolint.yaml",
        "filters": [
          {
            "path": ".ci/filter_quinault.txt",
            "invert": "true"
          }
        ]
      }
    ]
  },
  {
    "description": "Config to push to CDC Java/Gradle SSOT Upkeep project",
    "name": "CDC_GRADLE",
    "target_project": {
      "path": "sdv/domains/ccs/shared/ssot-java-upkeep.git",
      "id": "156639"
    },
    "dest": [
      {
        "branch": "main",
        "mr_labels": "sweet500-staging",
        "mkvsidl_targets": "ssot_tools_install_ci ivi_gradle",
        "releasecontent": "api_gradle:."
      }
    ]
  }
]
